出表日期,報告年度,公司代號,公司名稱,公司年度召開法說會次數(次)
1111005,110,1101,台泥,1
1111005,110,1102,亞泥,18
1111005,110,1103,嘉泥,4
1111005,110,1104,環泥,2
1111005,110,1108,幸福,1
1111005,110,1109,信大,1
1111005,110,1110,東泥,1
1111005,110,1201,味全,1
1111005,110,1203,味王,1
1111005,110,1210,大成,2
1111005,110,1213,大飲,1
1111005,110,1215,卜蜂,1
1111005,110,1216,統一,6
1111005,110,1217,愛之味,1
1111005,110,1218,泰山,1
1111005,110,1219,福壽,1
1111005,110,1220,台榮,1
1111005,110,1225,福懋油,1
1111005,110,1227,佳格,1
1111005,110,1229,聯華,2
1111005,110,1231,聯華食,1
1111005,110,1232,大統益,1
1111005,110,1233,天仁,1
1111005,110,1234,黑松,1
1111005,110,1235,興泰,1
1111005,110,1236,宏亞,1
1111005,110,1256,鮮活果汁-KY,1
1111005,110,1301,台塑,4
1111005,110,1303,南亞,6
1111005,110,1304,台聚,2
1111005,110,1305,華夏,4
1111005,110,1307,三芳,1
1111005,110,1308,亞聚,1
1111005,110,1309,台達化,1
1111005,110,1310,台苯,1
1111005,110,1312,國喬,1
1111005,110,1313,聯成,1
1111005,110,1314,中石化,1
1111005,110,1315,達新,1
1111005,110,1319,東陽,1
1111005,110,1321,大洋,1
1111005,110,1323,永裕,1
1111005,110,1324,地球,1
1111005,110,1325,恆大,1
1111005,110,1326,台化,2
1111005,110,1337,再生-KY,1
1111005,110,1338,廣華-KY,2
1111005,110,1339,昭輝,2
1111005,110,1340,勝悅-KY,1
1111005,110,1341,富林-KY,3
1111005,110,1342,八貫,1
1111005,110,1402,遠東新,10
1111005,110,1409,新纖,1
1111005,110,1410,南染,1
1111005,110,1413,宏洲,1
1111005,110,1414,東和,1
1111005,110,1416,廣豐,1
1111005,110,1417,嘉裕,1
1111005,110,1418,東華,1
1111005,110,1419,新紡,1
1111005,110,1423,利華,1
1111005,110,1432,大魯閣,1
1111005,110,1434,福懋,2
1111005,110,1435,中福,1
1111005,110,1436,華友聯,1
1111005,110,1437,勤益控,2
1111005,110,1438,三地開發,1
1111005,110,1439,雋揚,1
1111005,110,1440,南紡,2
1111005,110,1441,大東,1
1111005,110,1442,名軒,1
1111005,110,1443,立益物流,1
1111005,110,1444,力麗,1
1111005,110,1445,大宇,1
1111005,110,1446,宏和,1
1111005,110,1447,力鵬,1
1111005,110,1449,佳和,1
1111005,110,1451,年興,1
1111005,110,1452,宏益,1
1111005,110,1453,大將,1
1111005,110,1454,台富,1
1111005,110,1455,集盛,1
1111005,110,1456,怡華,1
1111005,110,1457,宜進,1
1111005,110,1459,聯發,1
1111005,110,1460,宏遠,1
1111005,110,1463,強盛,1
1111005,110,1464,得力,2
1111005,110,1465,偉全,1
1111005,110,1466,聚隆,1
1111005,110,1467,南緯,1
1111005,110,1468,昶和,2
1111005,110,1470,大統新創,1
1111005,110,1471,首利,1
1111005,110,1472,三洋實業,1
1111005,110,1473,台南,1
1111005,110,1474,弘裕,1
1111005,110,1475,業旺,1
1111005,110,1476,儒鴻,6
1111005,110,1477,聚陽,31
1111005,110,1503,士電,1
1111005,110,1504,東元,13
1111005,110,1506,正道,1
1111005,110,1512,瑞利,1
1111005,110,1513,中興電,1
1111005,110,1514,亞力,1
1111005,110,1515,力山,1
1111005,110,1516,川飛,1
1111005,110,1517,利奇,1
1111005,110,1519,華城,1
1111005,110,1521,大億,1
1111005,110,1522,堤維西,1
1111005,110,1524,耿鼎,2
1111005,110,1525,江申,2
1111005,110,1526,日馳,1
1111005,110,1527,鑽全,1
1111005,110,1528,恩德,1
1111005,110,1529,樂事綠能,1
1111005,110,1530,亞崴,1
1111005,110,1531,高林股,1
1111005,110,1532,勤美,6
1111005,110,1533,車王電,1
1111005,110,1535,中宇,2
1111005,110,1536,和大,2
1111005,110,1537,廣隆,3
1111005,110,1538,正峰,1
1111005,110,1539,巨庭,1
1111005,110,1540,喬福,0
1111005,110,1541,錩泰,1
1111005,110,1558,伸興,2
1111005,110,1560,中砂,4
1111005,110,1568,倉佑,1
1111005,110,1582,信錦,3
1111005,110,1583,程泰,0
1111005,110,1587,吉茂,2
1111005,110,1589,永冠-KY,7
1111005,110,1590,亞德客-KY,31
1111005,110,1597,直得,1
1111005,110,1598,岱宇,2
1111005,110,1603,華電,1
1111005,110,1604,聲寶,1
1111005,110,1605,華新,4
1111005,110,1608,華榮,1
1111005,110,1609,大亞,1
1111005,110,1611,中電,2
1111005,110,1612,宏泰,1
1111005,110,1614,三洋電,1
1111005,110,1615,大山,1
1111005,110,1616,億泰,1
1111005,110,1617,榮星,1
1111005,110,1618,合機,1
1111005,110,1626,艾美特-KY,2
1111005,110,1701,中化,2
1111005,110,1702,南僑,2
1111005,110,1707,葡萄王,7
1111005,110,1708,東鹼,1
1111005,110,1709,和益,1
1111005,110,1710,東聯,4
1111005,110,1711,永光,2
1111005,110,1712,興農,4
1111005,110,1713,國化,1
1111005,110,1714,和桐,1
1111005,110,1717,長興,4
1111005,110,1720,生達,2
1111005,110,1721,三晃,1
1111005,110,1722,台肥,1
1111005,110,1723,中碳,4
1111005,110,1725,元禎,1
1111005,110,1726,永記,1
1111005,110,1727,中華化,2
1111005,110,1730,花仙子,1
1111005,110,1731,美吾華,1
1111005,110,1732,毛寶,1
1111005,110,1733,五鼎,2
1111005,110,1734,杏輝,1
1111005,110,1735,日勝化,1
1111005,110,1736,喬山,6
1111005,110,1737,臺鹽,2
1111005,110,1752,南光,1
1111005,110,1760,寶齡富錦,1
1111005,110,1762,中化生,2
1111005,110,1773,勝一,1
1111005,110,1776,展宇,1
1111005,110,1783,和康生,2
1111005,110,1786,科妍,1
1111005,110,1789,神隆,5
1111005,110,1795,美時,8
1111005,110,1802,台玻,1
1111005,110,1805,寶徠,1
1111005,110,1806,冠軍,2
1111005,110,1808,潤隆,1
1111005,110,1809,中釉,1
1111005,110,1810,和成,1
1111005,110,1817,凱撒衛,2
1111005,110,1903,士紙,1
1111005,110,1904,正隆,2
1111005,110,1905,華紙,4
1111005,110,1906,寶隆,1
1111005,110,1907,永豐餘,4
1111005,110,1909,榮成,2
1111005,110,2002,中鋼,5
1111005,110,2006,東和鋼鐵,2
1111005,110,2007,燁興,1
1111005,110,2008,高興昌,1
1111005,110,2009,第一銅,1
1111005,110,2010,春源,1
1111005,110,2012,春雨,1
1111005,110,2013,中鋼構,2
1111005,110,2014,中鴻,4
1111005,110,2015,豐興,4
1111005,110,2017,官田鋼,2
1111005,110,2020,美亞,2
1111005,110,2022,聚亨,1
1111005,110,2023,燁輝,3
1111005,110,2024,志聯,1
1111005,110,2025,千興,1
1111005,110,2027,大成鋼,1
1111005,110,2028,威致,1
1111005,110,2029,盛餘,2
1111005,110,2030,彰源,1
1111005,110,2031,新光鋼,1
1111005,110,2032,新鋼,1
1111005,110,2033,佳大,1
1111005,110,2034,允強,1
1111005,110,2038,海光,1
1111005,110,2049,上銀,3
1111005,110,2059,川湖,6
1111005,110,2062,橋椿,1
1111005,110,2069,運錩,1
1111005,110,2101,南港,1
1111005,110,2102,泰豐,1
1111005,110,2103,台橡,2
1111005,110,2104,國際中橡,2
1111005,110,2105,正新,2
1111005,110,2106,建大,1
1111005,110,2107,厚生,1
1111005,110,2108,南帝,1
1111005,110,2109,華豐,0
1111005,110,2114,鑫永銓,1
1111005,110,2115,六暉-KY,1
1111005,110,2201,裕隆,4
1111005,110,2204,中華,4
1111005,110,2206,三陽工業,2
1111005,110,2207,和泰車,4
1111005,110,2208,台船,1
1111005,110,2211,長榮鋼,1
1111005,110,2227,裕日車,2
1111005,110,2228,劍麟,2
1111005,110,2231,為升,3
1111005,110,2233,宇隆,2
1111005,110,2236,百達-KY,1
1111005,110,2239,英利-KY,1
1111005,110,2241,艾姆勒,4
1111005,110,2243,宏旭-KY,1
1111005,110,2247,汎德永業,1
1111005,110,2250,IKKA-KY,1
1111005,110,2301,光寶科,4
1111005,110,2302,麗正,1
1111005,110,2303,聯電,4
1111005,110,2305,全友,1
1111005,110,2308,台達電,43
1111005,110,2312,金寶,1
1111005,110,2313,華通,4
1111005,110,2314,台揚,1
1111005,110,2316,楠梓電,1
1111005,110,2317,鴻海,4
1111005,110,2321,東訊,1
1111005,110,2323,中環,1
1111005,110,2324,仁寶,13
1111005,110,2327,國巨,34
1111005,110,2328,廣宇,1
1111005,110,2329,華泰,1
1111005,110,2330,台積電,4
1111005,110,2331,精英,1
1111005,110,2332,友訊,2
1111005,110,2337,旺宏,4
1111005,110,2338,光罩,1
1111005,110,2340,台亞,3
1111005,110,2342,茂矽,1
1111005,110,2344,華邦電,2
1111005,110,2345,智邦,1
1111005,110,2347,聯強,5
1111005,110,2348,海悅,1
1111005,110,2349,錸德,1
1111005,110,2351,順德,6
1111005,110,2352,佳世達,4
1111005,110,2353,宏碁,12
1111005,110,2354,鴻準,1
1111005,110,2355,敬鵬,1
1111005,110,2356,英業達,19
1111005,110,2357,華碩,4
1111005,110,2358,廷鑫,1
1111005,110,2359,所羅門,1
1111005,110,2360,致茂,15
1111005,110,2362,藍天,4
1111005,110,2363,矽統,1
1111005,110,2364,倫飛,1
1111005,110,2365,昆盈,1
1111005,110,2367,燿華,1
1111005,110,2369,菱生,1
1111005,110,2371,大同,1
1111005,110,2373,震旦行,2
1111005,110,2374,佳能,1
1111005,110,2375,凱美,1
1111005,110,2376,技嘉,2
1111005,110,2377,微星,1
1111005,110,2379,瑞昱,4
1111005,110,2380,虹光,1
1111005,110,2382,廣達,17
1111005,110,2383,台光電,43
1111005,110,2385,群光,16
1111005,110,2387,精元,1
1111005,110,2388,威盛,1
1111005,110,2390,云辰,1
1111005,110,2392,正崴,1
1111005,110,2393,億光,2
1111005,110,2395,研華,99
1111005,110,2397,友通,1
1111005,110,2399,映泰,1
1111005,110,2401,凌陽,2
1111005,110,2402,毅嘉,1
1111005,110,2404,漢唐,1
1111005,110,2405,輔信,1
1111005,110,2406,國碩,1
1111005,110,2408,南亞科,32
1111005,110,2409,友達,4
1111005,110,2412,中華電,4
1111005,110,2413,環科,1
1111005,110,2414,精技,1
1111005,110,2415,錩新,2
1111005,110,2417,圓剛,2
1111005,110,2419,仲琦,1
1111005,110,2420,新巨,2
1111005,110,2421,建準,1
1111005,110,2423,固緯,2
1111005,110,2424,隴華,1
1111005,110,2425,承啟,1
1111005,110,2427,三商電,1
1111005,110,2428,興勤,3
1111005,110,2429,銘旺科,1
1111005,110,2430,燦坤,2
1111005,110,2431,聯昌,1
1111005,110,2433,互盛電,2
1111005,110,2434,統懋,1
1111005,110,2436,偉詮電,2
1111005,110,2438,翔耀,1
1111005,110,2439,美律,7
1111005,110,2440,太空梭,1
1111005,110,2441,超豐,2
1111005,110,2442,新美齊,2
1111005,110,2443,昶虹,1
1111005,110,2444,兆勁,0
1111005,110,2449,京元電子,9
1111005,110,2450,神腦,2
1111005,110,2451,創見,1
1111005,110,2453,凌群,1
1111005,110,2454,聯發科,4
1111005,110,2455,全新,12
1111005,110,2457,飛宏,1
1111005,110,2458,義隆,4
1111005,110,2459,敦吉,1
1111005,110,2460,建通,1
1111005,110,2461,光群雷,1
1111005,110,2462,良得電,1
1111005,110,2464,盟立,1
1111005,110,2465,麗臺,1
1111005,110,2466,冠西電,1
1111005,110,2467,志聖,1
1111005,110,2468,華經,1
1111005,110,2471,資通,2
1111005,110,2472,立隆電,4
1111005,110,2474,可成,39
1111005,110,2476,鉅祥,1
1111005,110,2477,美隆電,1
1111005,110,2478,大毅,1
1111005,110,2480,敦陽科,4
1111005,110,2481,強茂,7
1111005,110,2482,連宇,1
1111005,110,2483,百容,2
1111005,110,2484,希華,1
1111005,110,2485,兆赫,1
1111005,110,2486,一詮,1
1111005,110,2488,漢平,1
1111005,110,2489,瑞軒,1
1111005,110,2491,吉祥全,1
1111005,110,2492,華新科,2
1111005,110,2493,揚博,1
1111005,110,2495,普安,1
1111005,110,2496,卓越,2
1111005,110,2497,怡利電,2
1111005,110,2498,宏達電,0
1111005,110,2501,國建,1
1111005,110,2504,國產,2
1111005,110,2505,國揚,1
1111005,110,2506,太設,1
1111005,110,2509,全坤建,1
1111005,110,2511,太子,2
1111005,110,2514,龍邦,1
1111005,110,2515,中工,1
1111005,110,2516,新建,1
1111005,110,2520,冠德,1
1111005,110,2524,京城,1
1111005,110,2527,宏璟,1
1111005,110,2528,皇普,1
1111005,110,2530,華建,2
1111005,110,2534,宏盛,1
1111005,110,2535,達欣工,1
1111005,110,2536,宏普,1
1111005,110,2537,聯上發,1
1111005,110,2538,基泰,1
1111005,110,2539,櫻花建,1
1111005,110,2540,愛山林,1
1111005,110,2542,興富發,1
1111005,110,2543,皇昌,1
1111005,110,2545,皇翔,1
1111005,110,2546,根基,1
1111005,110,2547,日勝生,2
1111005,110,2548,華固,2
1111005,110,2597,潤弘,1
1111005,110,2601,益航,1
1111005,110,2603,長榮,2
1111005,110,2605,新興,2
1111005,110,2606,裕民,4
1111005,110,2607,榮運,1
1111005,110,2608,嘉里大榮,2
1111005,110,2609,陽明,6
1111005,110,2610,華航,2
1111005,110,2611,志信,1
1111005,110,2612,中航,4
1111005,110,2613,中櫃,2
1111005,110,2614,東森,1
1111005,110,2615,萬海,4
1111005,110,2616,山隆,1
1111005,110,2617,台航,1
1111005,110,2618,長榮航,2
1111005,110,2630,亞航,1
1111005,110,2633,台灣高鐵,4
1111005,110,2634,漢翔,2
1111005,110,2636,台驊投控,3
1111005,110,2637,慧洋-KY,6
1111005,110,2642,宅配通,2
1111005,110,2701,萬企,1
1111005,110,2702,華園,1
1111005,110,2704,國賓,1
1111005,110,2705,六福,1
1111005,110,2706,第一店,1
1111005,110,2707,晶華,1
1111005,110,2712,遠雄來,1
1111005,110,2722,夏都,2
1111005,110,2723,美食-KY,4
1111005,110,2727,王品,2
1111005,110,2731,雄獅,1
1111005,110,2739,寒舍,1
1111005,110,2748,雲品,2
1111005,110,2753,八方雲集,1
1111005,110,2801,彰銀,4
1111005,110,2809,京城銀,6
1111005,110,2812,台中銀,4
1111005,110,2816,旺旺保,1
1111005,110,2820,華票,1
1111005,110,2832,台產,2
1111005,110,2834,臺企銀,4
1111005,110,2836,高雄銀,2
1111005,110,2838,聯邦銀,2
1111005,110,2845,遠東銀,4
1111005,110,2849,安泰銀,1
1111005,110,2850,新產,2
1111005,110,2851,中再保,2
1111005,110,2852,第一保,1
1111005,110,2855,統一證,4
1111005,110,2867,三商壽,2
1111005,110,2880,華南金,2
1111005,110,2881,富邦金,4
1111005,110,2882,國泰金,8
1111005,110,2883,開發金,7
1111005,110,2884,玉山金,8
1111005,110,2885,元大金,6
1111005,110,2886,兆豐金,2
1111005,110,2887,台新金,6
1111005,110,2888,新光金,8
1111005,110,2889,國票金,2
1111005,110,2890,永豐金,8
1111005,110,2891,中信金,4
1111005,110,2892,第一金,4
1111005,110,2897,王道銀行,3
1111005,110,2901,欣欣,1
1111005,110,2903,遠百,1
1111005,110,2904,匯僑,1
1111005,110,2905,三商,1
1111005,110,2906,高林,1
1111005,110,2908,特力,1
1111005,110,2910,統領,1
1111005,110,2911,麗嬰房,1
1111005,110,2912,統一超,4
1111005,110,2913,農林,1
1111005,110,2915,潤泰全,1
1111005,110,2923,鼎固-KY,1
1111005,110,2929,淘帝-KY,1
1111005,110,2939,凱羿-KY,1
1111005,110,2945,三商家購,1
1111005,110,3002,歐格,1
1111005,110,3003,健和興,1
1111005,110,3004,豐達科,1
1111005,110,3005,神基,5
1111005,110,3006,晶豪科,2
1111005,110,3008,大立光,4
1111005,110,3010,華立,2
1111005,110,3011,今皓,1
1111005,110,3013,晟銘電,1
1111005,110,3014,聯陽,2
1111005,110,3015,全漢,2
1111005,110,3016,嘉晶,1
1111005,110,3017,奇鋐,2
1111005,110,3018,同開,1
1111005,110,3019,亞光,1
1111005,110,3021,鴻名,2
1111005,110,3022,威強電,1
1111005,110,3023,信邦,1
1111005,110,3024,憶聲,1
1111005,110,3025,星通,1
1111005,110,3026,禾伸堂,4
1111005,110,3027,盛達,1
1111005,110,3028,增你強,1
1111005,110,3029,零壹,2
1111005,110,3030,德律,2
1111005,110,3031,佰鴻,1
1111005,110,3032,偉訓,1
1111005,110,3033,威健,1
1111005,110,3034,聯詠,4
1111005,110,3035,智原,4
1111005,110,3036,文曄,20
1111005,110,3037,欣興,9
1111005,110,3038,全台,1
1111005,110,3040,遠見,1
1111005,110,3041,揚智,3
1111005,110,3042,晶技,4
1111005,110,3043,科風,1
1111005,110,3044,健鼎,4
1111005,110,3045,台灣大,11
1111005,110,3046,建碁,1
1111005,110,3047,訊舟,1
1111005,110,3048,益登,1
1111005,110,3049,和鑫,1
1111005,110,3050,鈺德,1
1111005,110,3051,力特,1
1111005,110,3052,夆典,1
1111005,110,3054,立萬利,1
1111005,110,3055,蔚華科,1
1111005,110,3056,總太,1
1111005,110,3057,喬鼎,1
1111005,110,3058,立德,1
1111005,110,3059,華晶科,1
1111005,110,3060,銘異,1
1111005,110,3062,建漢,1
1111005,110,3090,日電貿,2
1111005,110,3092,鴻碩,2
1111005,110,3094,聯傑,1
1111005,110,3130,一零四,2
1111005,110,3138,耀登,1
1111005,110,3149,正達,1
1111005,110,3164,景岳,2
1111005,110,3167,大量,2
1111005,110,3189,景碩,27
1111005,110,3209,全科,2
1111005,110,3229,晟鈦,1
1111005,110,3231,緯創,9
1111005,110,3257,虹冠電,1
1111005,110,3266,昇陽,1
1111005,110,3296,勝德,1
1111005,110,3305,昇貿,1
1111005,110,3308,聯德,1
1111005,110,3311,閎暉,1
1111005,110,3312,弘憶股,4
1111005,110,3321,同泰,1
1111005,110,3338,泰碩,1
1111005,110,3346,麗清,3
1111005,110,3356,奇偶,1
1111005,110,3376,新日興,12
1111005,110,3380,明泰,2
1111005,110,3406,玉晶光,1
1111005,110,3413,京鼎,5
1111005,110,3416,融程電,5
1111005,110,3419,譁裕,1
1111005,110,3432,台端,1
1111005,110,3437,榮創,1
1111005,110,3443,創意,19
1111005,110,3450,聯鈞,1
1111005,110,3454,晶睿,2
1111005,110,3481,群創,2
1111005,110,3494,誠研,1
1111005,110,3501,維熹,1
1111005,110,3504,揚明光,2
1111005,110,3515,華擎,4
1111005,110,3518,柏騰,1
1111005,110,3528,安馳,1
1111005,110,3530,晶相光,2
1111005,110,3532,台勝科,2
1111005,110,3533,嘉澤,5
1111005,110,3535,晶彩科,1
1111005,110,3536,誠創,1
1111005,110,3543,州巧,1
1111005,110,3545,敦泰,4
1111005,110,3550,聯穎,1
1111005,110,3557,嘉威,1
1111005,110,3563,牧德,3
1111005,110,3576,聯合再生,3
1111005,110,3583,辛耘,3
1111005,110,3588,通嘉,1
1111005,110,3591,艾笛森,4
1111005,110,3592,瑞鼎,1
1111005,110,3593,力銘,1
1111005,110,3596,智易,2
1111005,110,3605,宏致,1
1111005,110,3607,谷崧,1
1111005,110,3617,碩天,1
1111005,110,3622,洋華,1
1111005,110,3645,達邁,1
1111005,110,3652,精聯,0
1111005,110,3653,健策,1
1111005,110,3661,世芯-KY,5
1111005,110,3665,貿聯-KY,23
1111005,110,3669,圓展,2
1111005,110,3673,TPK-KY,4
1111005,110,3679,新至陞,1
1111005,110,3682,亞太電,1
1111005,110,3686,達能,1
1111005,110,3694,海華,1
1111005,110,3701,大眾控,3
1111005,110,3702,大聯大,9
1111005,110,3703,欣陸,8
1111005,110,3704,合勤控,2
1111005,110,3705,永信,2
1111005,110,3706,神達,2
1111005,110,3708,上緯投控,2
1111005,110,3711,日月光投控,8
1111005,110,3712,永崴投控,1
1111005,110,3714,富采,4
1111005,110,4104,佳醫,1
1111005,110,4106,雃博,2
1111005,110,4108,懷特,1
1111005,110,4119,旭富,1
1111005,110,4133,亞諾法,1
1111005,110,4137,麗豐-KY,6
1111005,110,4142,國光生,5
1111005,110,4148,全宇生技-KY,1
1111005,110,4155,訊映,1
1111005,110,4164,承業醫,2
1111005,110,4190,佐登-KY,1
1111005,110,4306,炎洲,1
1111005,110,4414,如興,1
1111005,110,4426,利勤,1
1111005,110,4438,廣越,3
1111005,110,4439,冠星-KY,2
1111005,110,4440,宜新實業,2
1111005,110,4526,東台,1
1111005,110,4532,瑞智,1
1111005,110,4536,拓凱,4
1111005,110,4540,全球傳動,2
1111005,110,4545,銘鈺,1
1111005,110,4551,智伸科,13
1111005,110,4555,氣立,2
1111005,110,4557,永新-KY,1
1111005,110,4560,強信-KY,1
1111005,110,4562,穎漢,1
1111005,110,4564,元翎,1
1111005,110,4566,時碩工業,1
1111005,110,4571,鈞興-KY,3
1111005,110,4572,駐龍,1
1111005,110,4576,大銀微系統,2
1111005,110,4581,光隆精密-KY,1
1111005,110,4583,台灣精銳,0
1111005,110,4720,德淵,2
1111005,110,4722,國精化,1
1111005,110,4737,華廣,1
1111005,110,4739,康普,3
1111005,110,4746,台耀,2
1111005,110,4755,三福化,1
1111005,110,4763,材料-KY,7
1111005,110,4764,雙鍵,1
1111005,110,4766,南寶,8
1111005,110,4770,上品,1
1111005,110,4807,日成-KY,3
1111005,110,4904,遠傳,9
1111005,110,4906,正文,1
1111005,110,4912,聯德控股-KY,2
1111005,110,4915,致伸,15
1111005,110,4916,事欣科,1
1111005,110,4919,新唐,4
1111005,110,4927,泰鼎-KY,4
1111005,110,4930,燦星網,2
1111005,110,4934,太極,1
1111005,110,4935,茂林-KY,3
1111005,110,4938,和碩,11
1111005,110,4942,嘉彰,1
1111005,110,4943,康控-KY,1
1111005,110,4952,凌通,1
1111005,110,4956,光鋐,1
1111005,110,4958,臻鼎-KY,8
1111005,110,4960,誠美材,2
1111005,110,4961,天鈺,12
1111005,110,4967,十銓,1
1111005,110,4968,立積,4
1111005,110,4976,佳凌,1
1111005,110,4977,眾達-KY,1
1111005,110,4989,榮科,1
1111005,110,4994,傳奇,2
1111005,110,4999,鑫禾,1
1111005,110,5007,三星,1
1111005,110,5203,訊連,4
1111005,110,5215,科嘉-KY,1
1111005,110,5222,全訊,2
1111005,110,5225,東科-KY,1
1111005,110,5234,達興材料,1
1111005,110,5243,乙盛-KY,1
1111005,110,5244,弘凱,0
1111005,110,5258,虹堡,2
1111005,110,5269,祥碩,1
1111005,110,5283,禾聯碩,1
1111005,110,5284,jpp-KY,1
1111005,110,5285,界霖,2
1111005,110,5288,豐祥-KY,5
1111005,110,5306,桂盟,114
1111005,110,5388,中磊,2
1111005,110,5434,崇越,2
1111005,110,5469,瀚宇博,1
1111005,110,5471,松翰,7
1111005,110,5484,慧友,1
1111005,110,5515,建國,2
1111005,110,5519,隆大,1
1111005,110,5521,工信,1
1111005,110,5522,遠雄,4
1111005,110,5525,順天,1
1111005,110,5531,鄉林,1
1111005,110,5533,皇鼎,1
1111005,110,5534,長虹,1
1111005,110,5538,東明-KY,1
1111005,110,5546,永固-KY,3
1111005,110,5607,遠雄港,1
1111005,110,5608,四維航,2
1111005,110,5706,鳳凰,2
1111005,110,5871,中租-KY,15
1111005,110,5876,上海商銀,1
1111005,110,5880,合庫金,4
1111005,110,5906,台南-KY,1
1111005,110,5907,大洋-KY,1
1111005,110,6005,群益證,4
1111005,110,6024,群益期,1
1111005,110,6108,競國,1
1111005,110,6112,邁達特,4
1111005,110,6115,鎰勝,1
1111005,110,6116,彩晶,2
1111005,110,6117,迎廣,1
1111005,110,6120,達運,1
1111005,110,6128,上福,1
1111005,110,6133,金橋,1
1111005,110,6136,富爾特,1
1111005,110,6139,亞翔,1
1111005,110,6141,柏承,1
1111005,110,6142,友勁,1
1111005,110,6152,百一,1
1111005,110,6153,嘉聯益,2
1111005,110,6155,鈞寶,1
1111005,110,6164,華興,1
1111005,110,6165,浪凡,1
1111005,110,6166,凌華,2
1111005,110,6168,宏齊,1
1111005,110,6176,瑞儀,4
1111005,110,6177,達麗,1
1111005,110,6183,關貿,1
1111005,110,6184,大豐電,1
1111005,110,6189,豐藝,1
1111005,110,6191,精成科,1
1111005,110,6192,巨路,2
1111005,110,6196,帆宣,2
1111005,110,6197,佳必琪,1
1111005,110,6201,亞弘電,1
1111005,110,6202,盛群,4
1111005,110,6205,詮欣,2
1111005,110,6206,飛捷,2
1111005,110,6209,今國光,1
1111005,110,6213,聯茂,21
1111005,110,6214,精誠,4
1111005,110,6215,和椿,1
1111005,110,6216,居易,1
1111005,110,6224,聚鼎,2
1111005,110,6225,天瀚,1
1111005,110,6226,光鼎,1
1111005,110,6230,尼得科超眾,1
1111005,110,6235,華孚,1
1111005,110,6239,力成,4
1111005,110,6243,迅杰,5
1111005,110,6257,矽格,1
1111005,110,6269,台郡,8
1111005,110,6271,同欣電,4
1111005,110,6277,宏正,6
1111005,110,6278,台表科,1
1111005,110,6281,全國電,2
1111005,110,6282,康舒,2
1111005,110,6283,淳安,1
1111005,110,6285,啟碁,13
1111005,110,6288,聯嘉,3
1111005,110,6405,悅城,1
1111005,110,6409,旭隼,12
1111005,110,6412,群電,13
1111005,110,6414,樺漢,5
1111005,110,6415,矽力*-KY,15
1111005,110,6416,瑞祺電通,1
1111005,110,6431,光麗-KY,1
1111005,110,6438,迅得,2
1111005,110,6442,光聖,2
1111005,110,6443,元晶,1
1111005,110,6449,鈺邦,1
1111005,110,6451,訊芯-KY,1
1111005,110,6456,GIS-KY,2
1111005,110,6464,台數科,1
1111005,110,6477,安集,1
1111005,110,6491,晶碩,4
1111005,110,6504,南六,1
1111005,110,6505,台塑化,4
1111005,110,6515,穎崴,2
1111005,110,6525,捷敏-KY,1
1111005,110,6531,愛普*,4
1111005,110,6533,晶心科,2
1111005,110,6541,泰福-KY,1
1111005,110,6550,北極星藥業-KY,0
1111005,110,6552,易華電,1
1111005,110,6558,興能高,1
1111005,110,6573,虹揚-KY,2
1111005,110,6579,研揚,2
1111005,110,6581,鋼聯,1
1111005,110,6582,申豐,1
1111005,110,6585,鼎基,0
1111005,110,6591,動力-KY,2
1111005,110,6592,和潤企業,4
1111005,110,6598,ABC-KY,3
1111005,110,6605,帝寶,1
1111005,110,6625,必應,1
1111005,110,6641,基士德-KY,2
1111005,110,6655,科定,1
1111005,110,6666,羅麗芬-KY,1
1111005,110,6668,中揚光,1
1111005,110,6669,緯穎,2
1111005,110,6670,復盛應用,4
1111005,110,6671,三能-KY,2
1111005,110,6672,騰輝電子-KY,4
1111005,110,6674,鋐寶科技,1
1111005,110,6691,洋基工程,1
1111005,110,6698,旭暉應材,1
1111005,110,6706,惠特,2
1111005,110,6715,嘉基,1
1111005,110,6719,力智,2
1111005,110,6743,安普新,1
1111005,110,6754,匯僑設計,1
1111005,110,6756,威鋒電子,2
1111005,110,6768,志強-KY,4
1111005,110,6770,力積電,10
1111005,110,6776,展碁國際,5
1111005,110,6781,AES-KY,1
1111005,110,6789,采鈺,0
1111005,110,6790,永豐實,3
1111005,110,6792,詠業,2
1111005,110,6796,晉弘,2
1111005,110,6799,來頡,0
1111005,110,6806,森崴能源,1
1111005,110,6807,峰源-KY,0
1111005,110,8011,台通,1
1111005,110,8016,矽創,9
1111005,110,8021,尖點,4
1111005,110,8028,昇陽半導體,3
1111005,110,8033,雷虎,1
1111005,110,8039,台虹,1
1111005,110,8046,南電,5
1111005,110,8070,長華*,1
1111005,110,8072,陞泰,1
1111005,110,8081,致新,4
1111005,110,8101,華冠,1
1111005,110,8103,瀚荃,1
1111005,110,8104,錸寶,2
1111005,110,8105,凌巨,2
1111005,110,8110,華東,1
1111005,110,8112,至上,2
1111005,110,8114,振樺電,4
1111005,110,8131,福懋科,2
1111005,110,8150,南茂,4
1111005,110,8163,達方,3
1111005,110,8201,無敵,1
1111005,110,8210,勤誠,7
1111005,110,8213,志超,1
1111005,110,8215,明基材,4
1111005,110,8222,寶一,1
1111005,110,8249,菱光,1
1111005,110,8261,富鼎,1
1111005,110,8271,宇瞻,2
1111005,110,8341,日友,1
1111005,110,8367,建新國際,1
1111005,110,8374,羅昇,1
1111005,110,8404,百和興業-KY,1
1111005,110,8411,福貞-KY,3
1111005,110,8422,可寧衛,4
1111005,110,8429,金麗-KY,1
1111005,110,8438,昶昕,0
1111005,110,8442,威宏-KY,1
1111005,110,8443,阿瘦,1
1111005,110,8454,富邦媒,102
1111005,110,8462,柏文,2
1111005,110,8463,潤泰材,1
1111005,110,8464,億豐,10
1111005,110,8466,美吉吉-KY,3
1111005,110,8467,波力-KY,1
1111005,110,8473,山林水,1
1111005,110,8478,東哥遊艇,1
1111005,110,8480,泰昇-KY,1
1111005,110,8481,政伸,2
1111005,110,8482,商億-KY,4
1111005,110,8488,吉源-KY,1
1111005,110,8499,鼎炫-KY,1
1111005,110,8926,台汽電,4
1111005,110,8940,新天地,1
1111005,110,8996,高力,1
1111005,110,9802,鈺齊-KY,7
1111005,110,9902,台火,1
1111005,110,9904,寶成,4
1111005,110,9905,大華,1
1111005,110,9906,欣巴巴,3
1111005,110,9907,統一實,2
1111005,110,9908,大台北,1
1111005,110,9910,豐泰,5
1111005,110,9911,櫻花,2
1111005,110,9912,偉聯,1
1111005,110,9914,美利達,3
1111005,110,9917,中保科,4
1111005,110,9918,欣天然,2
1111005,110,9919,康那香,2
1111005,110,9921,巨大,21
1111005,110,9924,福興,2
1111005,110,9925,新保,1
1111005,110,9926,新海,1
1111005,110,9927,泰銘,1
1111005,110,9928,中視,1
1111005,110,9929,秋雨,1
1111005,110,9930,中聯資源,1
1111005,110,9931,欣高,1
1111005,110,9933,中鼎,4
1111005,110,9934,成霖,2
1111005,110,9935,慶豐富,1
1111005,110,9937,全國,1
1111005,110,9938,百和,4
1111005,110,9939,宏全,4
1111005,110,9940,信義,4
1111005,110,9941,裕融,4
1111005,110,9942,茂順,2
1111005,110,9943,好樂迪,1
1111005,110,9944,新麗,1
1111005,110,9945,潤泰新,1
1111005,110,9946,三發地產,1
1111005,110,9955,佳龍,1
1111005,110,9958,世紀鋼,2
