出表日期,報告年度,公司代號,公司名稱,員工福利平均數(仟元/人)(每年6/2起公開),員工薪資平均數(仟元/人)(每年6/2起公開),非擔任主管職務之全時員工薪資平均數(仟元/人)(每年7/1起公開),非擔任主管之全時員工薪資中位數(仟元/人)(每年7/1起公開),管理職女性主管佔比,職業災害人數及比率-人數,職業災害人數及比率-比率
1111005,110,1101,台泥,1184,1043,1082,958,26.21%,1人,0.09%
1111005,110,1102,亞泥,1353,1214,1110,1003,22.31%,0人,0.00%
1111005,110,1103,嘉泥,1797,1553,1139,923,40.00%,0人,0.00%
1111005,110,1104,環泥,992,842,760,678,18.47%,0人,0.00%
1111005,110,1108,幸福,640,523,523,478,28.57%,3人,0.66%
1111005,110,1109,信大,772,641,664,624,30.00%,0人,0.00%
1111005,110,1110,東泥,776,615,603,587,17.65%,1人,1.33%
1111005,110,1201,味全,887,745,735,657,28.38%,6人,4.37%
1111005,110,1203,味王,649,566,585,555,8.82%,5人,0.69%
1111005,110,1210,大成,827,696,697,598,15.00%,13人,0.55%
1111005,110,1213,大飲,513,435,446,402,3.00%,0人,0.00%
1111005,110,1215,卜蜂,892,766,579,497,6.00%,18人,0.82%
1111005,110,1216,統一,1408,1244,1217,1043,22.39%,5人,0.09%
1111005,110,1217,愛之味,804,671,684,582,33.98%,5人,0.90%
1111005,110,1218,泰山,946,803,737,634,23.90%,7人,1.07%
1111005,110,1219,福壽,807,675,647,599,14.30%,8人,1.30%
1111005,110,1220,台榮,696,582,603,553,13.79%,1人,0.46%
1111005,110,1225,福懋油,902,767,701,614,8.70%,2人,0.87%
1111005,110,1227,佳格,1195,981,827,758,30.00%,8人,0.80%
1111005,110,1229,聯華,4077,3804,738,673,22.00%,0人,0.00%
1111005,110,1231,聯華食,787,661,634,534,30.00%,21人,0.01%
1111005,110,1232,大統益,1996,1758,1591,1382,27.27%,1人,0.69%
1111005,110,1233,天仁,480,394,509,455,45.46%,16人,1.16%
1111005,110,1234,黑松,935,773,779,577,12.66%,4人,0.70%
1111005,110,1235,興泰,492,410,395,406,33.33%,1人,5.00%
1111005,110,1236,宏亞,598,500,487,457,47.22%,6人,0.96%
1111005,110,1256,鮮活果汁-KY,,,,,34.15%,24人,2.66%
1111005,110,1301,台塑,1475,1276,1506,1403,6.51%,6人,0.09%
1111005,110,1303,南亞,1401,1242,1410,1369,4.21%,8人,0.07%
1111005,110,1304,台聚,1858,1609,1471,1318,1.08%,0人,0.00%
1111005,110,1305,華夏,1366,1188,1190,1165,3.33%,4人,0.60%
1111005,110,1307,三芳,806,675,627,600,10.00%,1人,0.13%
1111005,110,1308,亞聚,1714,1462,1439,1346,3.12%,0人,0.00%
1111005,110,1309,台達化,1568,1353,1366,1280,15.38%,0人,0.00%
1111005,110,1310,台苯,1374,1117,1059,1018,20.00%,2人,1.07%
1111005,110,1312,國喬,1916,1567,1590,1426,27.27%,0人,0.00%
1111005,110,1313,聯成,1789,1544,1281,891,31.00%,2人,0.89%
1111005,110,1314,中石化,1395,1234,989,899,5.92%,1人,0.07%
1111005,110,1315,達新,765,615,599,520,44.20%,2人,0.56%
1111005,110,1319,東陽,679,564,619,532,13.00%,0人,0.00%
1111005,110,1321,大洋,909,752,809,750,8.06%,4人,0.88%
1111005,110,1323,永裕,701,596,597,513,25.66%,1人,0.14%
1111005,110,1324,地球,713,591,556,456,29.63%,0人,0.00%
1111005,110,1325,恆大,560,452,473,389,50.00%,0人,0.00%
1111005,110,1326,台化,1744,1515,1528,1435,0.75%,3人,0.02%
1111005,110,1337,再生-KY,,,,,14.29%,0人,0.00%
1111005,110,1338,廣華-KY,,,,,27.40%,0人,0.00%
1111005,110,1339,昭輝,679,567,510,449,42.00%,3人,1.12%
1111005,110,1340,勝悅-KY,,,,,0.00%,0人,0.00%
1111005,110,1341,富林-KY,,,,,22.00%,11人,1.17%
1111005,110,1342,八貫,812,718,643,510,33.33%,7人,2.00%
1111005,110,1402,遠東新,1286,1103,976,849,19.00%,101人,0.50%
1111005,110,1409,新纖,907,778,761,611,8.89%,3人,0.16%
1111005,110,1410,南染,673,580,537,547,41.18%,0人,0.00%
1111005,110,1413,宏洲,741,623,648,614,18.00%,2人,0.85%
1111005,110,1414,東和,675,557,564,527,17.60%,4人,1.90%
1111005,110,1416,廣豐,1613,1250,766,781,42.86%,0人,0.00%
1111005,110,1417,嘉裕,663,558,551,446,4.00%,3人,1.00%
1111005,110,1418,東華,994,694,542,478,14.29%,0人,0.00%
1111005,110,1419,新紡,792,672,652,564,56.00%,0人,0.00%
1111005,110,1423,利華,742,619,508,442,33.33%,1人,1.49%
1111005,110,1432,大魯閣,377,297,430,364,33.30%,18人,2.90%
1111005,110,1434,福懋,600,504,567,507,17.00%,14人,0.24%
1111005,110,1435,中福,827,757,1005,552,66.70%,0人,0.00%
1111005,110,1436,華友聯,1187,1005,866,842,7.41%,1人,1.85%
1111005,110,1437,勤益控,3654,3355,696,415,25.00%,0人,0.00%
1111005,110,1438,三地開發,843,724,468,443,40.00%,0人,0.00%
1111005,110,1439,雋揚,1548,1280,911,898,12.50%,0人,0.00%
1111005,110,1440,南紡,783,663,631,560,9.61%,9人,0.80%
1111005,110,1441,大東,830,697,600,559,18.75%,0人,0.00%
1111005,110,1442,名軒,1237,1022,871,808,50.00%,0人,0.00%
1111005,110,1443,立益物流,784,664,604,574,14.94%,0人,0.00%
1111005,110,1444,力麗,690,565,563,488,22.73%,7人,0.75%
1111005,110,1445,大宇,676,571,539,471,20.00%,0人,0.00%
1111005,110,1446,宏和,685,574,577,476,14.63%,0人,0.00%
1111005,110,1447,力鵬,735,591,555,499,23.73%,3人,0.57%
1111005,110,1449,佳和,588,492,503,482,31.70%,2人,0.23%
1111005,110,1451,年興,744,634,595,526,22.00%,1人,0.12%
1111005,110,1452,宏益,959,823,740,626,33.00%,17人,7.11%
1111005,110,1453,大將,727,598,498,479,25.00%,0人,0.00%
1111005,110,1454,台富,649,541,515,449,6.80%,0人,0.00%
1111005,110,1455,集盛,827,701,691,587,11.93%,4人,0.33%
1111005,110,1456,怡華,881,746,623,626,12.50%,0人,0.00%
1111005,110,1457,宜進,914,737,600,589,55.50%,0人,0.00%
1111005,110,1459,聯發,694,575,499,447,14.29%,0人,0.00%
1111005,110,1460,宏遠,707,580,543,501,3.00%,21人,1.00%
1111005,110,1463,強盛,626,536,537,500,17.07%,0人,0.00%
1111005,110,1464,得力,639,545,535,494,31.57%,11人,1.39%
1111005,110,1465,偉全,510,414,462,428,25.00%,0人,0.00%
1111005,110,1466,聚隆,765,647,651,600,35.00%,2人,0.55%
1111005,110,1467,南緯,786,640,696,597,61.00%,2人,1.00%
1111005,110,1468,昶和,802,667,557,507,20.00%,0人,0.00%
1111005,110,1470,大統新創,756,660,591,521,34.30%,0人,0.00%
1111005,110,1471,首利,1085,925,760,762,25.00%,0人,0.00%
1111005,110,1472,三洋實業,665,548,426,354,40.00%,0人,0.00%
1111005,110,1473,台南,725,623,532,451,77.00%,2人,0.01%
1111005,110,1474,弘裕,727,629,572,505,14.23%,1人,0.21%
1111005,110,1475,業旺,839,702,529,495,10.00%,0人,0.00%
1111005,110,1476,儒鴻,1080,943,879,760,36.00%,6人,0.33%
1111005,110,1477,聚陽,1924,1747,1348,1226,50.00%,0人,0.00%
1111005,110,1503,士電,1204,1063,1016,841,8.16%,0人,0.00%
1111005,110,1504,東元,1059,910,877,717,21.59%,2人,0.09%
1111005,110,1506,正道,727,597,521,466,41.67%,1人,0.04%
1111005,110,1512,瑞利,634,513,537,492,16.67%,0人,0.00%
1111005,110,1513,中興電,956,796,809,702,15.00%,3人,0.18%
1111005,110,1514,亞力,984,838,825,725,1.56%,1人,0.00%
1111005,110,1515,力山,591,510,563,486,14.01%,98人,5.73%
1111005,110,1516,川飛,845,749,521,694,0.00%,0人,0.00%
1111005,110,1517,利奇,605,504,534,502,8.45%,5人,0.60%
1111005,110,1519,華城,1016,861,826,708,13.33%,5人,0.55%
1111005,110,1521,大億,729,604,613,565,12.22%,0人,0.00%
1111005,110,1522,堤維西,668,549,575,525,20.00%,16人,1.00%
1111005,110,1524,耿鼎,654,546,521,458,8.16%,4人,0.89%
1111005,110,1525,江申,690,570,580,519,19.00%,1人,0.30%
1111005,110,1526,日馳,859,748,598,415,20.00%,0人,0.00%
1111005,110,1527,鑽全,725,625,607,540,0.81%,8人,1.08%
1111005,110,1528,恩德,978,861,657,572,4.08%,0人,0.00%
1111005,110,1529,樂事綠能,633,506,525,480,10.00%,0人,0.00%
1111005,110,1530,亞崴,731,617,664,539,9.43%,1人,0.60%
1111005,110,1531,高林股,937,796,661,630,19.23%,1人,0.59%
1111005,110,1532,勤美,958,811,769,615,31.75%,1人,0.32%
1111005,110,1533,車王電,673,563,596,510,0.00%,0人,0.00%
1111005,110,1535,中宇,1154,1009,1025,935,7.75%,0人,0.00%
1111005,110,1536,和大,800,644,636,607,9.09%,11人,1.19%
1111005,110,1537,廣隆,1032,873,791,644,23.93%,0人,0.00%
1111005,110,1538,正峰,809,686,475,444,30.76%,1人,1.40%
1111005,110,1539,巨庭,629,510,476,417,17.00%,0人,0.00%
1111005,110,1540,喬福,707,578,542,512,0.00%,0人,0.00%
1111005,110,1541,錩泰,696,590,587,537,22.73%,0人,0.00%
1111005,110,1558,伸興,1047,874,886,831,44.00%,10人,0.32%
1111005,110,1560,中砂,908,761,762,699,6.70%,12人,0.81%
1111005,110,1568,倉佑,691,557,570,526,26.00%,5人,1.20%
1111005,110,1582,信錦,1189,1015,940,803,15.22%,0人,0.00%
1111005,110,1583,程泰,788,629,651,587,17.00%,2人,0.54%
1111005,110,1587,吉茂,699,594,564,541,27.59%,0人,0.00%
1111005,110,1589,永冠-KY,,,,,15.67%,75人,0.03%
1111005,110,1590,亞德客-KY,,,,,10.04%,85人,1.06%
1111005,110,1597,直得,900,770,740,665,31.43%,1人,0.23%
1111005,110,1598,岱宇,742,620,598,508,27.50%,3人,0.00%
1111005,110,1603,華電,692,598,538,472,27.66%,9人,1.52%
1111005,110,1604,聲寶,1040,882,798,715,8.26%,0人,0.00%
1111005,110,1605,華新,1152,1032,1190,967,17.54%,17人,0.60%
1111005,110,1608,華榮,895,755,790,769,14.75%,2人,0.47%
1111005,110,1609,大亞,1259,1121,927,860,16.45%,12人,2.00%
1111005,110,1611,中電,866,698,1635,1100,5.00%,0人,0.00%
1111005,110,1612,宏泰,1295,1160,1188,991,0.00%,1人,0.30%
1111005,110,1614,三洋電,522,418,567,549,0.93%,12人,1.24%
1111005,110,1615,大山,813,688,616,558,23.68%,4人,1.60%
1111005,110,1616,億泰,774,648,601,539,14.29%,0人,0.00%
1111005,110,1617,榮星,906,793,698,640,2.00%,0人,0.00%
1111005,110,1618,合機,826,692,676,640,30.23%,5人,2.39%
1111005,110,1626,艾美特-KY,,,,,23.00%,13人,0.39%
1111005,110,1701,中化,866,722,696,577,42.00%,15人,1.00%
1111005,110,1702,南僑,2853,2627,1009,729,37.50%,0人,0.00%
1111005,110,1707,葡萄王,1077,950,827,796,2.60%,1人,0.21%
1111005,110,1708,東鹼,1144,997,955,886,38.46%,0人,0.00%
1111005,110,1709,和益,2157,1982,1706,1527,13.00%,0人,0.00%
1111005,110,1710,東聯,1464,1132,1061,981,1.82%,3人,0.91%
1111005,110,1711,永光,903,767,741,707,13.00%,4人,0.23%
1111005,110,1712,興農,907,781,732,654,18.00%,4人,0.29%
1111005,110,1713,國化,975,846,743,706,35.50%,0人,0.00%
1111005,110,1714,和桐,913,743,751,629,36.80%,0人,0.00%
1111005,110,1717,長興,1214,1023,979,824,15.40%,3人,0.07%
1111005,110,1720,生達,873,740,796,699,44.44%,8人,1.00%
1111005,110,1721,三晃,870,709,716,685,22.30%,13人,2.61%
1111005,110,1722,台肥,1577,1381,1359,1186,13.41%,3人,5.80%
1111005,110,1723,中碳,1717,1508,1311,1234,7.89%,0人,0.00%
1111005,110,1725,元禎,949,764,738,626,12.50%,0人,0.00%
1111005,110,1726,永記,883,757,736,670,6.00%,21人,2.97%
1111005,110,1727,中華化,770,642,638,585,25.71%,0人,0.00%
1111005,110,1730,花仙子,1211,1032,822,700,38.46%,0人,0.00%
1111005,110,1731,美吾華,862,734,647,548,59.09%,0人,0.00%
1111005,110,1732,毛寶,646,546,530,462,50.00%,0人,0.00%
1111005,110,1733,五鼎,709,600,608,533,41.70%,7人,0.95%
1111005,110,1734,杏輝,682,559,538,491,41.80%,26人,0.45%
1111005,110,1735,日勝化,888,743,685,610,20.00%,212人,0.00%
1111005,110,1736,喬山,835,706,692,589,21.43%,7人,0.60%
1111005,110,1737,臺鹽,1128,954,950,872,26.00%,484人,0.00%
1111005,110,1752,南光,641,536,530,470,0.82%,9人,1.48%
1111005,110,1760,寶齡富錦,1021,867,773,598,49.30%,4人,0.77%
1111005,110,1762,中化生,1157,992,962,848,22.00%,0人,0.00%
1111005,110,1773,勝一,1452,1288,1086,932,9.09%,6人,1.47%
1111005,110,1776,展宇,928,787,667,622,4.17%,4人,3.10%
1111005,110,1783,和康生,918,784,609,520,42.86%,0人,0.00%
1111005,110,1786,科妍,1005,844,656,558,27.27%,0人,0.00%
1111005,110,1789,神隆,1047,883,802,721,34.80%,17人,2.52%
1111005,110,1795,美時,1198,908,1030,754,37.20%,2人,0.36%
1111005,110,1802,台玻,811,692,717,680,12.38%,93人,2.26%
1111005,110,1805,寶徠,1192,1042,727,654,20.00%,0人,0.00%
1111005,110,1806,冠軍,788,604,623,563,2.00%,10人,0.12%
1111005,110,1808,潤隆,1409,1196,991,850,20.00%,0人,0.00%
1111005,110,1809,中釉,834,711,679,406,4.76%,0人,0.00%
1111005,110,1810,和成,816,704,671,590,9.26%,3人,0.37%
1111005,110,1817,凱撒衛,913,791,744,623,25.00%,0人,0.00%
1111005,110,1903,士紙,1044,905,579,526,20.96%,0人,0.00%
1111005,110,1904,正隆,1177,1026,1003,941,5.88%,6人,0.02%
1111005,110,1905,華紙,948,800,769,708,10.73%,2人,0.07%
1111005,110,1906,寶隆,1273,1071,714,787,1.00%,0人,0.00%
1111005,110,1907,永豐餘,2736,2539,821,726,18.00%,63人,0.60%
1111005,110,1909,榮成,946,814,733,697,6.17%,5人,0.44%
1111005,110,2002,中鋼,2741,2466,2360,2226,2.11%,3人,0.03%
1111005,110,2006,東和鋼鐵,1306,1151,1180,1139,8.45%,18人,1.03%
1111005,110,2007,燁興,831,619,662,627,5.65%,3人,0.70%
1111005,110,2008,高興昌,662,536,508,477,15.25%,2人,0.98%
1111005,110,2009,第一銅,811,685,695,682,4.00%,4人,1.63%
1111005,110,2010,春源,831,690,710,639,8.48%,22人,1.90%
1111005,110,2012,春雨,859,756,626,571,19.00%,6人,1.05%
1111005,110,2013,中鋼構,1836,1598,1522,1352,2.00%,0人,0.00%
1111005,110,2014,中鴻,1818,1513,1475,1412,3.64%,1人,0.09%
1111005,110,2015,豐興,1347,1168,1108,989,25.00%,23人,2.50%
1111005,110,2017,官田鋼,643,527,602,485,20.50%,13人,4.40%
1111005,110,2020,美亞,1068,754,812,795,26.00%,5人,1.50%
1111005,110,2022,聚亨,736,620,577,517,11.53%,2人,1.28%
1111005,110,2023,燁輝,1121,857,797,777,3.30%,0人,0.00%
1111005,110,2024,志聯,766,615,617,577,29.03%,0人,0.00%
1111005,110,2025,千興,701,518,580,580,25.00%,0人,0.00%
1111005,110,2027,大成鋼,1950,1835,1735,1400,20.98%,1人,0.10%
1111005,110,2028,威致,1086,844,895,851,40.00%,6人,1.63%
1111005,110,2029,盛餘,1388,1178,1212,1149,8.25%,0人,0.00%
1111005,110,2030,彰源,854,733,704,568,0.00%,0人,0.00%
1111005,110,2031,新光鋼,1255,1053,988,813,16.00%,2人,0.63%
1111005,110,2032,新鋼,698,563,583,554,11.50%,5人,2.60%
1111005,110,2033,佳大,689,552,508,493,27.27%,0人,0.00%
1111005,110,2034,允強,1065,898,822,725,20.37%,13人,1.28%
1111005,110,2038,海光,817,712,680,616,6.00%,0人,0.00%
1111005,110,2049,上銀,1040,896,917,839,12.69%,43人,0.89%
1111005,110,2059,川湖,836,705,766,678,26.19%,1人,0.16%
1111005,110,2062,橋椿,722,598,549,486,63.73%,20人,2.00%
1111005,110,2069,運錩,1031,881,832,736,42.85%,3人,0.16%
1111005,110,2101,南港,960,840,683,592,0.55%,13人,1.18%
1111005,110,2102,泰豐,881,540,545,515,9.09%,4人,1.00%
1111005,110,2103,台橡,1583,1057,1196,1078,24.60%,5人,0.30%
1111005,110,2104,國際中橡,2089,1540,729,554,29.03%,2人,0.82%
1111005,110,2105,正新,889,771,718,650,0.40%,11人,0.20%
1111005,110,2106,建大,771,661,650,598,13.08%,10人,0.50%
1111005,110,2107,厚生,851,736,628,572,8.93%,0人,0.00%
1111005,110,2108,南帝,2820,2575,1998,1806,0.60%,0人,0.00%
1111005,110,2109,華豐,696,601,570,511,0.00%,0人,0.00%
1111005,110,2114,鑫永銓,862,753,544,521,25.00%,1人,0.88%
1111005,110,2115,六暉-KY,,,,,55.00%,0人,0.00%
1111005,110,2201,裕隆,1151,936,862,804,16.20%,0人,0.00%
1111005,110,2204,中華,1299,1120,1110,1007,13.53%,3人,0.15%
1111005,110,2206,三陽工業,1091,922,912,898,1.00%,8人,0.36%
1111005,110,2207,和泰車,3260,2894,2425,1936,7.00%,0人,0.00%
1111005,110,2208,台船,1179,949,956,970,5.00%,13人,0.42%
1111005,110,2211,長榮鋼,1124,943,922,892,17.00%,3人,0.54%
1111005,110,2227,裕日車,1572,1293,1183,1126,12.80%,0人,0.00%
1111005,110,2228,劍麟,828,712,605,518,10.53%,0人,0.00%
1111005,110,2231,為升,838,737,642,574,3.92%,10人,2.33%
1111005,110,2233,宇隆,903,770,680,601,24.00%,6人,1.60%
1111005,110,2236,百達-KY,,,,,20.00%,2人,0.29%
1111005,110,2239,英利-KY,,,,,0.00%,0人,0.00%
1111005,110,2241,艾姆勒,812,642,650,592,19.35%,8人,1.29%
1111005,110,2243,宏旭-KY,,,,,10.63%,0人,0.00%
1111005,110,2247,汎德永業,1101,930,953,749,8.33%,12人,0.70%
1111005,110,2250,IKKA-KY,,,,,37.00%,0人,0.00%
1111005,110,2301,光寶科,1753,1574,1434,1154,23.00%,40人,0.10%
1111005,110,2302,麗正,842,691,616,464,50.00%,0人,0.00%
1111005,110,2303,聯電,2093,1915,1447,1150,12.20%,9人,0.06%
1111005,110,2305,全友,946,800,706,663,24.32%,0人,0.00%
1111005,110,2308,台達電,1621,1430,1525,1293,32.30%,243人,2.77%
1111005,110,2312,金寶,1800,1582,1072,926,26.03%,1人,0.18%
1111005,110,2313,華通,1017,855,889,793,12.50%,32人,0.66%
1111005,110,2314,台揚,926,791,797,634,15.58%,0人,0.00%
1111005,110,2316,楠梓電,631,518,552,527,17.00%,9人,0.66%
1111005,110,2317,鴻海,2551,2343,2558,1829,20.30%,197人,0.02%
1111005,110,2321,東訊,952,791,794,661,8.77%,0人,0.00%
1111005,110,2323,中環,721,618,600,562,26.00%,8人,1.12%
1111005,110,2324,仁寶,1411,1214,1250,1059,19.34%,87人,0.97%
1111005,110,2327,國巨,932,826,747,637,34.00%,10人,0.25%
1111005,110,2328,廣宇,1982,1655,1244,1185,26.32%,0人,0.00%
1111005,110,2329,華泰,743,613,666,573,45.00%,68人,1.20%
1111005,110,2330,台積電,2706,2463,2425,1851,13.00%,44人,0.07%
1111005,110,2331,精英,1195,1014,967,788,32.00%,11人,1.40%
1111005,110,2332,友訊,1243,1063,1122,928,45.45%,3人,0.54%
1111005,110,2337,旺宏,2146,1934,1834,1388,28.00%,1人,0.03%
1111005,110,2338,光罩,1879,1733,1282,1076,19.61%,2人,0.67%
1111005,110,2340,台亞,1377,1195,1014,839,36.00%,2人,0.21%
1111005,110,2342,茂矽,1010,851,823,707,48.00%,8人,0.11%
1111005,110,2344,華邦電,2492,2321,2332,1858,11.62%,0人,0.00%
1111005,110,2345,智邦,1179,1026,1052,732,27.70%,6人,0.19%
1111005,110,2347,聯強,1383,1205,1179,1006,50.16%,2人,0.27%
1111005,110,2348,海悅,1827,1633,1372,1136,31.82%,0人,0.00%
1111005,110,2349,錸德,781,677,651,566,3.57%,5人,0.86%
1111005,110,2351,順德,865,722,717,608,14.00%,3人,0.20%
1111005,110,2352,佳世達,2110,1832,1592,1258,15.00%,0人,0.00%
1111005,110,2353,宏碁,2566,2264,2190,1651,30.80%,9人,0.00%
1111005,110,2354,鴻準,3696,3267,4103,3390,0.00%,0人,0.00%
1111005,110,2355,敬鵬,787,673,672,601,23.50%,27人,0.85%
1111005,110,2356,英業達,1229,1074,1024,838,13.82%,36人,0.20%
1111005,110,2357,華碩,2269,2076,2002,1504,23.35%,5人,0.07%
1111005,110,2358,廷鑫,673,594,514,452,47.00%,4人,1.58%
1111005,110,2359,所羅門,1074,913,870,787,21.57%,3人,1.00%
1111005,110,2360,致茂,1257,1107,1117,952,13.86%,27人,1.50%
1111005,110,2362,藍天,1580,1377,1192,1073,26.39%,2人,0.30%
1111005,110,2363,矽統,1509,1346,1253,1097,6.00%,2人,1.00%
1111005,110,2364,倫飛,1025,878,692,589,27.50%,0人,0.00%
1111005,110,2365,昆盈,1197,930,829,718,36.36%,0人,0.00%
1111005,110,2367,燿華,694,579,559,503,1.78%,3人,0.06%
1111005,110,2369,菱生,741,610,607,511,16.67%,0人,0.00%
1111005,110,2371,大同,915,794,730,645,21.20%,8人,0.31%
1111005,110,2373,震旦行,823,586,723,636,15.00%,0人,0.00%
1111005,110,2374,佳能,1315,1135,1110,995,22.58%,0人,0.00%
1111005,110,2375,凱美,1639,1441,731,759,40.00%,0人,0.00%
1111005,110,2376,技嘉,3117,2945,1474,1002,27.34%,4人,0.06%
1111005,110,2377,微星,2353,2168,1935,1606,24.50%,5人,0.18%
1111005,110,2379,瑞昱,5131,4866,4083,3270,9.20%,0人,0.00%
1111005,110,2380,虹光,1034,858,863,765,7.00%,2人,0.49%
1111005,110,2382,廣達,1803,1585,1420,1174,7.70%,123人,1.18%
1111005,110,2383,台光電,1309,1146,935,874,8.00%,6人,0.58%
1111005,110,2385,群光,2454,2212,1764,1482,0.00%,21人,0.00%
1111005,110,2387,精元,1037,898,740,670,6.90%,0人,0.00%
1111005,110,2388,威盛,2376,2078,1556,1424,26.00%,2人,0.54%
1111005,110,2390,云辰,2076,1903,1042,1012,4.10%,0人,0.00%
1111005,110,2392,正崴,1367,1163,1181,1034,18.18%,0人,0.00%
1111005,110,2393,億光,995,862,814,598,33.20%,7人,1.04%
1111005,110,2395,研華,1475,1284,1151,996,25.00%,12人,0.00%
1111005,110,2397,友通,1025,883,848,672,37.50%,0人,0.00%
1111005,110,2399,映泰,1440,1278,1068,861,35.90%,0人,0.00%
1111005,110,2401,凌陽,1643,1423,1442,1235,26.70%,0人,0.00%
1111005,110,2402,毅嘉,802,688,509,455,22.86%,7人,3.21%
1111005,110,2404,漢唐,1588,1428,1364,1190,12.00%,3人,0.35%
1111005,110,2405,輔信,1296,1125,1042,903,18.37%,3人,1.49%
1111005,110,2406,國碩,787,662,655,601,28.00%,0人,0.00%
1111005,110,2408,南亞科,1959,1788,1735,1377,33.61%,0人,0.00%
1111005,110,2409,友達,1681,1441,1475,972,27.40%,3人,0.01%
1111005,110,2412,中華電,1691,901,1507,1478,20.70%,39人,0.19%
1111005,110,2413,環科,626,533,521,452,1.00%,9人,1.20%
1111005,110,2414,精技,1151,994,907,815,19.67%,1人,0.25%
1111005,110,2415,錩新,1665,1451,981,852,27.60%,0人,0.00%
1111005,110,2417,圓剛,1169,993,1034,975,27.00%,0人,0.00%
1111005,110,2419,仲琦,1430,1213,1012,890,25.00%,0人,0.00%
1111005,110,2420,新巨,737,627,575,498,36.00%,5人,0.87%
1111005,110,2421,建準,1002,797,857,686,20.00%,566人,0.00%
1111005,110,2423,固緯,1173,1011,919,840,3.88%,0人,0.00%
1111005,110,2424,隴華,983,844,586,544,25.00%,0人,0.00%
1111005,110,2425,承啟,1282,1008,678,690,42.85%,0人,0.00%
1111005,110,2427,三商電,959,826,744,692,16.00%,0人,0.00%
1111005,110,2428,興勤,1081,930,869,656,43.00%,1人,0.20%
1111005,110,2429,銘旺科,723,585,466,359,1.39%,1人,1.39%
1111005,110,2430,燦坤,642,519,693,633,30.00%,56人,2.29%
1111005,110,2431,聯昌,1076,892,817,721,0.00%,0人,0.00%
1111005,110,2433,互盛電,802,596,700,637,4.00%,0人,0.00%
1111005,110,2434,統懋,728,596,551,502,4.16%,0人,0.00%
1111005,110,2436,偉詮電,1725,1538,1443,1352,4.55%,0人,0.00%
1111005,110,2438,翔耀,632,516,508,463,60.00%,0人,0.00%
1111005,110,2439,美律,1260,994,894,718,32.75%,0人,0.00%
1111005,110,2440,太空梭,1334,1150,939,878,25.00%,0人,0.00%
1111005,110,2441,超豐,1105,961,935,756,8.23%,7人,0.16%
1111005,110,2442,新美齊,1925,1061,1211,946,16.67%,0人,0.00%
1111005,110,2443,昶虹,1494,1143,947,754,21.74%,0人,0.00%
1111005,110,2444,兆勁,611,487,482,422,1.65%,0人,0.00%
1111005,110,2449,京元電子,894,764,803,662,32.82%,25人,0.26%
1111005,110,2450,神腦,748,610,607,568,28.95%,3人,0.14%
1111005,110,2451,創見,914,772,790,631,15.05%,13人,1.27%
1111005,110,2453,凌群,1189,1009,885,811,20.00%,3人,0.26%
1111005,110,2454,聯發科,5460,5138,5150,3992,4.50%,0人,0.00%
1111005,110,2455,全新,1669,1474,1230,845,17.39%,4人,1.57%
1111005,110,2457,飛宏,1116,936,873,744,25.33%,3人,0.55%
1111005,110,2458,義隆,2349,2109,1970,1798,19.00%,0人,0.00%
1111005,110,2459,敦吉,1346,1204,969,933,0.00%,0人,0.00%
1111005,110,2460,建通,822,690,675,594,5.97%,0人,0.00%
1111005,110,2461,光群雷,1027,903,752,651,29.00%,3人,2.05%
1111005,110,2462,良得電,1456,1239,993,883,20.00%,0人,0.00%
1111005,110,2464,盟立,1262,1086,1122,927,10.55%,0人,0.00%
1111005,110,2465,麗臺,1005,848,848,710,34.00%,3人,0.96%
1111005,110,2466,冠西電,736,571,539,404,30.43%,2人,1.35%
1111005,110,2467,志聖,1367,1203,1097,921,11.36%,3人,0.81%
1111005,110,2468,華經,923,769,662,595,27.27%,5人,1.90%
1111005,110,2471,資通,1434,1246,1172,1078,23.00%,0人,0.00%
1111005,110,2472,立隆電,1578,1361,1086,1028,57.00%,0人,0.00%
1111005,110,2474,可成,699,583,643,540,25.00%,20人,0.45%
1111005,110,2476,鉅祥,789,687,707,633,29.30%,9人,1.30%
1111005,110,2477,美隆電,933,819,760,641,17.24%,1人,0.38%
1111005,110,2478,大毅,1123,1009,741,585,26.67%,6人,0.60%
1111005,110,2480,敦陽科,1222,1040,1004,932,26.12%,0人,0.00%
1111005,110,2481,強茂,1014,866,770,619,42.34%,23人,1.55%
1111005,110,2482,連宇,923,783,723,576,25.81%,2人,1.07%
1111005,110,2483,百容,653,557,530,471,10.00%,20人,3.00%
1111005,110,2484,希華,772,653,655,582,31.00%,0人,0.00%
1111005,110,2485,兆赫,657,542,574,431,23.30%,20人,2.00%
1111005,110,2486,一詮,909,787,739,629,13.50%,14人,1.65%
1111005,110,2488,漢平,762,611,735,637,52.00%,0人,0.00%
1111005,110,2489,瑞軒,1942,1756,1683,1378,38.71%,0人,0.00%
1111005,110,2491,吉祥全,961,844,544,522,6.00%,0人,0.00%
1111005,110,2492,華新科,926,791,802,595,44.30%,5人,0.17%
1111005,110,2493,揚博,1218,1058,1012,867,33.00%,0人,0.00%
1111005,110,2495,普安,1026,886,885,772,17.50%,0人,0.00%
1111005,110,2496,卓越,1303,1005,599,586,100.00%,0人,0.00%
1111005,110,2497,怡利電,764,649,613,572,0.51%,0人,0.00%
1111005,110,2498,宏達電,1221,1029,1175,949,26.24%,3人,0.15%
1111005,110,2501,國建,1434,1269,1042,941,25.81%,1人,0.66%
1111005,110,2504,國產,1454,1332,924,883,22.90%,3人,0.49%
1111005,110,2505,國揚,1599,1334,1045,926,42.86%,0人,0.00%
1111005,110,2506,太設,716,598,805,740,31.00%,1人,1.35%
1111005,110,2509,全坤建,899,739,755,737,66.67%,0人,0.00%
1111005,110,2511,太子,1456,1263,869,856,35.40%,0人,0.00%
1111005,110,2514,龍邦,1750,1559,770,703,80.00%,0人,0.00%
1111005,110,2515,中工,1160,1009,759,705,24.00%,0人,0.00%
1111005,110,2516,新建,969,834,623,560,13.00%,4人,0.56%
1111005,110,2520,冠德,2123,1856,1312,1105,33.33%,0人,0.00%
1111005,110,2524,京城,1949,1598,1106,996,28.57%,0人,0.00%
1111005,110,2527,宏璟,1414,1157,828,846,60.00%,0人,0.00%
1111005,110,2528,皇普,976,844,744,658,0.00%,0人,0.00%
1111005,110,2530,華建,1224,1059,1059,989,40.00%,0人,0.00%
1111005,110,2534,宏盛,1179,1015,797,712,10.71%,0人,0.00%
1111005,110,2535,達欣工,1509,1316,1123,1073,8.50%,2人,0.30%
1111005,110,2536,宏普,1066,900,1040,977,28.57%,0人,0.00%
1111005,110,2537,聯上發,1511,1331,951,946,62.50%,0人,0.00%
1111005,110,2538,基泰,1535,1359,1266,1283,0.00%,0人,0.00%
1111005,110,2539,櫻花建,1054,882,862,719,33.33%,2人,3.13%
1111005,110,2540,愛山林,3083,2831,2046,1415,10.00%,0人,0.00%
1111005,110,2542,興富發,1388,1265,1062,770,40.00%,0人,0.00%
1111005,110,2543,皇昌,819,645,613,472,14.20%,9人,0.90%
1111005,110,2545,皇翔,1401,1181,1127,877,17.50%,0人,0.00%
1111005,110,2546,根基,1084,966,929,865,9.00%,4人,0.76%
1111005,110,2547,日勝生,1371,1141,932,835,31.43%,0人,0.00%
1111005,110,2548,華固,3302,2933,1657,1507,0.18%,0人,0.00%
1111005,110,2597,潤弘,1481,1293,1140,942,11.29%,1人,0.10%
1111005,110,2601,益航,1170,959,1035,909,29.41%,0人,0.00%
1111005,110,2603,長榮,4271,3606,3613,3337,15.74%,6人,0.27%
1111005,110,2605,新興,2170,1937,1445,1460,0.38%,0人,0.00%
1111005,110,2606,裕民,2199,1680,1669,1453,25.00%,1人,0.10%
1111005,110,2607,榮運,1079,844,881,864,24.00%,7人,0.67%
1111005,110,2608,嘉里大榮,823,676,699,677,13.80%,88人,10.06%
1111005,110,2609,陽明,3379,3010,2753,2429,27.63%,8人,0.54%
1111005,110,2610,華航,2039,1460,1729,1241,27.82%,67人,0.68%
1111005,110,2611,志信,796,626,604,560,8.89%,0人,0.00%
1111005,110,2612,中航,1781,1554,1294,1193,2.73%,2人,0.55%
1111005,110,2613,中櫃,762,628,595,580,0.96%,7人,0.95%
1111005,110,2614,東森,1471,1298,1066,1003,39.47%,1人,0.39%
1111005,110,2615,萬海,2802,2549,2554,2380,16.00%,6人,1.09%
1111005,110,2616,山隆,753,646,824,776,11.28%,0人,0.00%
1111005,110,2617,台航,1416,1205,1293,1100,21.00%,1人,0.47%
1111005,110,2618,長榮航,1425,1131,1243,727,32.50%,27人,0.26%
1111005,110,2630,亞航,765,626,631,596,5.34%,7人,0.60%
1111005,110,2633,台灣高鐵,1064,892,898,812,15.31%,1人,0.02%
1111005,110,2634,漢翔,1111,927,896,762,18.90%,31人,0.61%
1111005,110,2636,台驊投控,2541,2317,727,552,10.32%,0人,0.00%
1111005,110,2637,慧洋-KY,,,,,49.00%,0人,0.00%
1111005,110,2642,宅配通,690,570,615,576,16.39%,62人,3.67%
1111005,110,2701,萬企,625,495,457,431,50.00%,0人,0.00%
1111005,110,2702,華園,513,436,438,368,50.00%,2人,0.02%
1111005,110,2704,國賓,787,655,587,474,47.00%,28人,3.00%
1111005,110,2705,六福,526,430,488,425,55.30%,44人,0.36%
1111005,110,2706,第一店,610,496,425,406,66.67%,0人,0.00%
1111005,110,2707,晶華,698,584,610,495,50.79%,11人,0.96%
1111005,110,2712,遠雄來,575,475,493,395,32.79%,7人,0.18%
1111005,110,2722,夏都,501,413,419,359,54.84%,8人,1.83%
1111005,110,2723,美食-KY,,,,,36.00%,260人,1.79%
1111005,110,2727,王品,491,408,594,502,41.04%,69人,0.78%
1111005,110,2731,雄獅,530,421,425,390,71.11%,4人,0.33%
1111005,110,2739,寒舍,671,555,552,465,45.80%,97人,7.27%
1111005,110,2748,雲品,692,578,546,479,52.10%,24人,3.47%
1111005,110,2753,八方雲集,1091,936,789,721,40.91%,17人,1.28%
1111005,110,2801,彰銀,1705,1342,1285,1194,58.96%,1人,0.01%
1111005,110,2809,京城銀,1069,920,846,763,53.87%,2人,0.21%
1111005,110,2812,台中銀,1309,1131,1058,876,37.93%,16人,0.58%
1111005,110,2816,旺旺保,1152,998,1005,786,42.00%,4人,0.88%
1111005,110,2820,華票,2226,1883,1581,1386,12.50%,0人,0.00%
1111005,110,2832,台產,1042,911,960,728,7.95%,4人,0.44%
1111005,110,2834,臺企銀,1538,1245,1195,1069,48.11%,4人,0.08%
1111005,110,2836,高雄銀,1545,1286,1185,1085,51.27%,5人,4.59%
1111005,110,2838,聯邦銀,1009,862,838,737,54.16%,3人,1.14%
1111005,110,2845,遠東銀,1467,1230,1167,1037,39.44%,1人,0.00%
1111005,110,2849,安泰銀,1174,1022,939,803,49.57%,16人,1.09%
1111005,110,2850,新產,1338,1227,1159,871,17.39%,0人,0.00%
1111005,110,2851,中再保,2086,1836,1631,1479,44.74%,2人,1.37%
1111005,110,2852,第一保,1178,1053,1040,786,12.73%,2人,0.00%
1111005,110,2855,統一證,2433,2161,1782,1163,35.04%,0人,0.00%
1111005,110,2867,三商壽,1019,896,872,743,48.41%,2人,0.10%
1111005,110,2880,華南金,1714,1398,1332,1141,52.18%,42人,0.40%
1111005,110,2881,富邦金,1223,1033,1436,1136,55.90%,50人,0.32%
1111005,110,2882,國泰金,1160,1014,1320,1088,52.55%,75人,0.13%
1111005,110,2883,開發金,1933,1658,1468,1143,61.00%,0人,0.70%
1111005,110,2884,玉山金,1454,1234,1168,1069,43.20%,20人,0.20%
1111005,110,2885,元大金,2310,2043,1612,1346,53.32%,24人,0.22%
1111005,110,2886,兆豐金,2091,1539,1450,1173,52.00%,56人,3.26%
1111005,110,2887,台新金,1564,1333,1300,1034,48.00%,1人,0.01%
1111005,110,2888,新光金,1247,1083,1198,1017,55.30%,12人,0.07%
1111005,110,2889,國票金,2072,1846,1417,1010,11.11%,0人,0.00%
1111005,110,2890,永豐金,1704,1451,1363,1116,39.29%,28人,0.32%
1111005,110,2891,中信金,2102,1902,1557,1259,56.09%,25人,0.18%
1111005,110,2892,第一金,1751,1496,1294,1180,51.10%,8人,0.08%
1111005,110,2897,王道銀行,1738,1545,1251,1023,46.00%,7人,0.80%
1111005,110,2901,欣欣,853,689,568,518,44.44%,0人,0.00%
1111005,110,2903,遠百,853,771,700,653,25.45%,0人,0.00%
1111005,110,2904,匯僑,1049,875,671,655,20.00%,0人,0.00%
1111005,110,2905,三商,2850,2676,874,742,47.96%,2人,0.11%
1111005,110,2906,高林,914,766,564,507,51.50%,0人,0.00%
1111005,110,2908,特力,1165,916,926,795,66.67%,2人,0.04%
1111005,110,2910,統領,725,600,560,514,3.89%,0人,0.00%
1111005,110,2911,麗嬰房,577,470,477,434,46.15%,0人,0.00%
1111005,110,2912,統一超,811,681,933,807,49.54%,22人,0.26%
1111005,110,2913,農林,808,647,583,471,43.00%,5人,1.47%
1111005,110,2915,潤泰全,755,642,540,420,41.00%,0人,0.00%
1111005,110,2923,鼎固-KY,,,,,40.19%,0人,0.00%
1111005,110,2929,淘帝-KY,,,,,22.00%,0人,0.00%
1111005,110,2939,凱羿-KY,,,,,37.50%,0人,0.00%
1111005,110,2945,三商家購,442,356,413,346,57.00%,42人,1.11%
1111005,110,3002,歐格,1138,997,897,875,55.55%,0人,0.00%
1111005,110,3003,健和興,817,687,584,521,17.30%,2人,0.28%
1111005,110,3004,豐達科,936,799,690,619,19.00%,2人,0.48%
1111005,110,3005,神基,1718,1578,1488,1242,21.83%,15人,0.16%
1111005,110,3006,晶豪科,4825,4605,4509,4333,4.42%,0人,0.00%
1111005,110,3008,大立光,1228,1094,1146,842,10.00%,32人,0.45%
1111005,110,3010,華立,2092,1840,1431,1155,11.11%,1人,0.24%
1111005,110,3011,今皓,967,830,670,540,12.50%,0人,0.00%
1111005,110,3013,晟銘電,1196,985,877,840,37.00%,29人,0.58%
1111005,110,3014,聯陽,3183,2957,2849,2698,13.00%,0人,0.00%
1111005,110,3015,全漢,1174,1023,984,845,27.27%,3人,0.40%
1111005,110,3016,嘉晶,1067,888,951,851,27.45%,3人,0.48%
1111005,110,3017,奇鋐,1344,1131,969,869,20.85%,16人,0.15%
1111005,110,3018,同開,911,762,605,570,40.00%,0人,0.00%
1111005,110,3019,亞光,1254,1105,954,783,12.75%,0人,0.00%
1111005,110,3021,鴻名,761,618,693,561,50.00%,0人,0.00%
1111005,110,3022,威強電,1243,1089,843,795,25.71%,0人,0.00%
1111005,110,3023,信邦,813,679,677,498,46.67%,14人,1.16%
1111005,110,3024,憶聲,1242,1056,867,822,41.42%,0人,0.00%
1111005,110,3025,星通,1169,1002,1007,844,45.45%,0人,0.00%
1111005,110,3026,禾伸堂,1100,963,869,646,46.88%,20人,1.91%
1111005,110,3027,盛達,991,793,788,716,30.43%,0人,0.00%
1111005,110,3028,增你強,1273,1100,1048,923,32.10%,3人,0.40%
1111005,110,3029,零壹,1466,1273,1050,849,52.00%,0人,0.00%
1111005,110,3030,德律,1348,1166,1168,1019,10.53%,5人,0.90%
1111005,110,3031,佰鴻,1374,1227,849,761,34.00%,1人,1.28%
1111005,110,3032,偉訓,1649,1455,970,881,2.14%,0人,0.00%
1111005,110,3033,威健,1762,1557,1350,1191,9.78%,1人,0.20%
1111005,110,3034,聯詠,5412,5162,4994,4018,8.20%,0人,0.00%
1111005,110,3035,智原,2432,2202,2073,1633,18.24%,0人,0.00%
1111005,110,3036,文曄,1885,1684,1373,1088,26.10%,0人,0.00%
1111005,110,3037,欣興,1068,921,866,689,18.87%,56人,0.42%
1111005,110,3038,全台,730,630,621,535,15.79%,3人,0.35%
1111005,110,3040,遠見,1157,1001,815,828,50.00%,0人,0.00%
1111005,110,3041,揚智,2409,2172,1818,1564,15.00%,0人,0.00%
1111005,110,3042,晶技,1144,1049,1036,782,15.27%,10人,0.92%
1111005,110,3043,科風,700,590,440,398,16.00%,0人,0.00%
1111005,110,3044,健鼎,1103,972,666,465,15.77%,0人,0.00%
1111005,110,3045,台灣大,1274,1094,1072,923,48.00%,5人,0.13%
1111005,110,3046,建碁,1294,1142,1111,1090,20.80%,0人,0.00%
1111005,110,3047,訊舟,1280,1091,999,888,20.00%,0人,0.00%
1111005,110,3048,益登,1644,1465,1345,1111,50.00%,0人,0.00%
1111005,110,3049,和鑫,1277,1053,942,824,22.22%,0人,0.00%
1111005,110,3050,鈺德,790,658,629,579,38.00%,0人,0.00%
1111005,110,3051,力特,750,620,576,526,3.00%,10人,1.65%
1111005,110,3052,夆典,972,827,668,626,13.00%,0人,0.00%
1111005,110,3054,立萬利,1175,1003,947,824,33.00%,0人,0.00%
1111005,110,3055,蔚華科,2488,2126,1288,1155,5.88%,0人,0.00%
1111005,110,3056,總太,1471,1309,1529,895,57.14%,0人,0.00%
1111005,110,3057,喬鼎,1406,1208,1181,1004,20.00%,0人,0.00%
1111005,110,3058,立德,1294,1098,873,688,12.50%,0人,0.00%
1111005,110,3059,華晶科,2063,1861,1261,1198,18.52%,1人,0.41%
1111005,110,3060,銘異,919,771,640,557,22.00%,0人,0.00%
1111005,110,3062,建漢,1303,1124,1047,952,3.95%,0人,0.00%
1111005,110,3090,日電貿,1002,836,864,717,55.88%,1人,0.68%
1111005,110,3092,鴻碩,1850,1637,986,713,26.19%,382人,16.99%
1111005,110,3094,聯傑,1460,1250,1143,1134,16.67%,0人,0.00%
1111005,110,3130,一零四,1393,1224,1188,1026,56.00%,0人,0.00%
1111005,110,3138,耀登,1656,1473,1228,946,36.00%,0人,0.00%
1111005,110,3149,正達,829,710,663,583,0.00%,0人,0.00%
1111005,110,3164,景岳,742,609,584,553,9.63%,0人,0.00%
1111005,110,3167,大量,1072,582,804,691,15.38%,2人,0.81%
1111005,110,3189,景碩,903,783,750,582,19.00%,30人,0.53%
1111005,110,3209,全科,1524,1314,1086,981,8.10%,0人,0.00%
1111005,110,3229,晟鈦,637,529,549,486,66.67%,0人,0.00%
1111005,110,3231,緯創,1592,1406,1292,1101,21.50%,16人,0.15%
1111005,110,3257,虹冠電,2221,2023,1303,1196,15.00%,0人,0.00%
1111005,110,3266,昇陽,1288,1112,1019,1024,20.00%,0人,0.00%
1111005,110,3296,勝德,930,779,722,667,30.91%,2人,1.47%
1111005,110,3305,昇貿,988,850,590,484,23.00%,0人,0.00%
1111005,110,3308,聯德,1116,930,639,643,66.00%,0人,0.00%
1111005,110,3311,閎暉,724,585,613,436,33.33%,2人,0.13%
1111005,110,3312,弘憶股,1575,1385,969,872,18.18%,0人,0.00%
1111005,110,3321,同泰,654,548,535,479,31.25%,16人,3.00%
1111005,110,3338,泰碩,1202,1027,866,783,2.00%,0人,0.00%
1111005,110,3346,麗清,1380,1194,982,702,5.00%,0人,0.00%
1111005,110,3356,奇偶,1192,1032,947,848,26.40%,0人,0.00%
1111005,110,3376,新日興,631,551,575,388,2.00%,22人,0.94%
1111005,110,3380,明泰,1052,893,902,825,24.00%,0人,0.00%
1111005,110,3406,玉晶光,1194,1032,879,717,9.38%,43人,0.00%
1111005,110,3413,京鼎,1456,1297,1249,1093,0.00%,0人,0.00%
1111005,110,3416,融程電,935,789,727,593,24.00%,3人,0.78%
1111005,110,3419,譁裕,1102,946,826,722,20.75%,0人,0.00%
1111005,110,3432,台端,1497,1296,822,651,50.00%,0人,0.00%
1111005,110,3437,榮創,809,656,662,569,28.68%,6人,0.68%
1111005,110,3443,創意,3191,2919,2237,1856,0.00%,0人,0.00%
1111005,110,3450,聯鈞,815,599,648,575,30.00%,6人,0.90%
1111005,110,3454,晶睿,1114,960,909,721,28.57%,2人,0.20%
1111005,110,3481,群創,1312,1158,1122,747,13.35%,30人,0.11%
1111005,110,3494,誠研,848,709,610,476,22.22%,0人,0.00%
1111005,110,3501,維熹,723,608,564,475,51.00%,0人,0.00%
1111005,110,3504,揚明光,899,766,739,622,18.10%,12人,1.38%
1111005,110,3515,華擎,2928,2703,2277,1937,38.39%,0人,0.00%
1111005,110,3518,柏騰,1395,1239,868,819,20.00%,1人,2.30%
1111005,110,3528,安馳,1847,1644,1116,1029,32.56%,0人,0.00%
1111005,110,3530,晶相光,3592,3356,1539,1172,14.28%,0人,0.00%
1111005,110,3532,台勝科,1378,1209,1257,1198,5.00%,0人,0.00%
1111005,110,3533,嘉澤,2316,2067,1437,1185,23.53%,0人,0.00%
1111005,110,3535,晶彩科,1011,851,855,750,2.82%,3人,1.40%
1111005,110,3536,誠創,916,746,618,500,20.00%,0人,0.00%
1111005,110,3543,州巧,887,752,675,566,5.54%,13人,3.43%
1111005,110,3545,敦泰,3248,2987,2679,1963,3.00%,0人,0.00%
1111005,110,3550,聯穎,1104,937,813,745,31.70%,0人,0.00%
1111005,110,3557,嘉威,2309,2084,1177,885,30.00%,0人,0.00%
1111005,110,3563,牧德,1394,1183,1157,943,3.57%,0人,0.00%
1111005,110,3576,聯合再生,884,708,665,450,24.43%,17人,0.97%
1111005,110,3583,辛耘,1069,919,884,749,22.06%,3人,0.50%
1111005,110,3588,通嘉,2352,2144,1715,1526,17.86%,0人,0.00%
1111005,110,3591,艾笛森,939,783,634,505,34.38%,1人,0.69%
1111005,110,3592,瑞鼎,6466,6119,,,7.60%,0人,0.00%
1111005,110,3593,力銘,975,803,653,643,5.00%,0人,0.00%
1111005,110,3596,智易,2212,1975,1805,1598,19.00%,0人,0.00%
1111005,110,3605,宏致,971,769,823,634,36.76%,4人,0.66%
1111005,110,3607,谷崧,714,560,611,545,9.48%,0人,0.00%
1111005,110,3617,碩天,1209,1041,936,841,33.00%,0人,0.00%
1111005,110,3622,洋華,1168,1036,832,699,21.60%,0人,0.00%
1111005,110,3645,達邁,983,845,827,755,17.65%,0人,0.00%
1111005,110,3652,精聯,1062,921,808,730,25.00%,3人,1.00%
1111005,110,3653,健策,945,853,727,612,22.80%,13人,0.81%
1111005,110,3661,世芯-KY,,,,,16.00%,0人,0.00%
1111005,110,3665,貿聯-KY,,,,,34.04%,70人,0.06%
1111005,110,3669,圓展,1157,1006,953,773,15.25%,0人,0.00%
1111005,110,3673,TPK-KY,,,,,25.00%,26人,0.01%
1111005,110,3679,新至陞,1750,1555,649,615,33.00%,6人,0.00%
1111005,110,3682,亞太電,885,743,749,660,34.00%,5人,0.24%
1111005,110,3686,達能,1379,1204,780,622,20.00%,0人,0.00%
1111005,110,3694,海華,1282,1144,1003,912,2.15%,0人,0.00%
1111005,110,3701,大眾控,2962,2776,902,750,16.67%,0人,0.00%
1111005,110,3702,大聯大,2848,2586,1714,1484,36.80%,0人,0.00%
1111005,110,3703,欣陸,2069,1475,768,707,8.00%,1人,0.05%
1111005,110,3704,合勤控,1648,1446,1078,895,29.00%,0人,0.00%
1111005,110,3705,永信,1964,1667,772,674,67.00%,0人,0.00%
1111005,110,3706,神達,2650,2650,1147,1001,28.00%,1人,0.06%
1111005,110,3708,上緯投控,1523,1340,758,620,27.27%,0人,0.00%
1111005,110,3711,日月光投控,4584,3674,915,726,51.52%,0人,0.00%
1111005,110,3712,永崴投控,2875,2818,970,849,33.00%,0人,0.00%
1111005,110,3714,富采,2782,2575,883,720,24.50%,0人,0.00%
1111005,110,4104,佳醫,1159,999,893,756,34.29%,0人,0.00%
1111005,110,4106,雃博,995,843,732,631,18.80%,13人,4.90%
1111005,110,4108,懷特,1238,1087,708,587,63.16%,0人,0.00%
1111005,110,4119,旭富,876,727,696,634,18.18%,0人,0.00%
1111005,110,4133,亞諾法,867,726,621,547,44.00%,0人,0.00%
1111005,110,4137,麗豐-KY,,,,,8.97%,0人,0.00%
1111005,110,4142,國光生,926,800,623,564,25.58%,7人,1.38%
1111005,110,4148,全宇生技-KY,,,,,24.00%,5人,1.35%
1111005,110,4155,訊映,797,673,709,623,50.00%,0人,0.00%
1111005,110,4164,承業醫,1722,1546,1019,857,6.10%,6人,2.80%
1111005,110,4190,佐登-KY,,,,,0.00%,0人,0.00%
1111005,110,4306,炎洲,701,597,571,537,30.00%,0人,0.00%
1111005,110,4414,如興,1552,1346,980,797,25.00%,0人,0.00%
1111005,110,4426,利勤,490,405,418,397,42.86%,19人,2.00%
1111005,110,4438,廣越,1037,868,835,772,46.90%,0人,0.00%
1111005,110,4439,冠星-KY,,,,,32.14%,0人,0.00%
1111005,110,4440,宜新實業,823,718,609,620,0.00%,0人,0.00%
1111005,110,4526,東台,774,630,656,595,1.00%,12人,1.79%
1111005,110,4532,瑞智,1015,840,922,791,12.90%,5人,1.58%
1111005,110,4536,拓凱,1074,919,703,555,17.00%,1人,0.31%
1111005,110,4540,全球傳動,670,563,585,523,21.43%,8人,0.71%
1111005,110,4545,銘鈺,766,649,610,524,33.33%,3人,0.55%
1111005,110,4551,智伸科,2240,2024,1279,1027,33.00%,0人,0.00%
1111005,110,4555,氣立,707,573,498,440,28.26%,0人,0.00%
1111005,110,4557,永新-KY,,,,,0.00%,6人,1.07%
1111005,110,4560,強信-KY,,,,,5.37%,9人,0.63%
1111005,110,4562,穎漢,677,572,554,469,49.00%,8人,2.43%
1111005,110,4564,元翎,707,586,580,510,27.78%,7人,2.10%
1111005,110,4566,時碩工業,997,868,683,541,15.40%,0人,0.00%
1111005,110,4571,鈞興-KY,,,,,5.00%,0人,0.00%
1111005,110,4572,駐龍,595,508,532,474,25.00%,1人,0.44%
1111005,110,4576,大銀微系統,1062,928,876,762,18.00%,2人,0.30%
1111005,110,4581,光隆精密-KY,,,,,0.00%,0人,0.00%
1111005,110,4583,台灣精銳,733,635,,,28.57%,5人,0.73%
1111005,110,4720,德淵,960,797,727,658,24.14%,1人,0.44%
1111005,110,4722,國精化,1112,964,818,776,11.00%,1人,0.32%
1111005,110,4737,華廣,646,543,543,472,33.30%,2人,0.19%
1111005,110,4739,康普,1151,983,764,683,18.19%,1人,0.60%
1111005,110,4746,台耀,1146,1007,965,899,26.00%,41人,4.93%
1111005,110,4755,三福化,1109,886,969,859,0.00%,1人,0.27%
1111005,110,4763,材料-KY,,,,,8.33%,23人,6.17%
1111005,110,4764,雙鍵,947,823,730,663,22.20%,0人,0.00%
1111005,110,4766,南寶,1023,881,807,719,9.89%,5人,0.62%
1111005,110,4770,上品,1162,1019,931,753,13.10%,10人,2.60%
1111005,110,4807,日成-KY,,,,,37.50%,0人,0.00%
1111005,110,4904,遠傳,1146,965,962,837,32.00%,27人,0.50%
1111005,110,4906,正文,1138,963,952,812,2.95%,5人,2.37%
1111005,110,4912,聯德控股-KY,,,,,15.00%,180人,31.00%
1111005,110,4915,致伸,2108,1869,1662,1362,24.30%,23人,0.22%
1111005,110,4916,事欣科,1809,1634,674,669,50.00%,0人,0.00%
1111005,110,4919,新唐,1899,1742,1691,1341,13.00%,5人,0.02%
1111005,110,4927,泰鼎-KY,,,,,32.98%,73人,0.84%
1111005,110,4930,燦星網,993,839,799,612,40.00%,0人,0.00%
1111005,110,4934,太極,1509,1346,898,835,25.00%,0人,0.00%
1111005,110,4935,茂林-KY,,,,,30.20%,0人,0.00%
1111005,110,4938,和碩,1490,1264,1236,984,18.14%,8人,0.09%
1111005,110,4942,嘉彰,1147,1011,764,572,26.30%,0人,0.00%
1111005,110,4943,康控-KY,,,,,0.00%,0人,0.00%
1111005,110,4952,凌通,2717,2472,2346,2223,17.00%,0人,0.00%
1111005,110,4956,光鋐,742,622,660,566,26.00%,0人,0.00%
1111005,110,4958,臻鼎-KY,,,,,15.10%,34人,0.08%
1111005,110,4960,誠美材,971,777,766,696,11.76%,20人,1.80%
1111005,110,4961,天鈺,2909,2672,2345,1836,25.00%,0人,0.00%
1111005,110,4967,十銓,770,637,614,536,10.16%,0人,0.00%
1111005,110,4968,立積,1548,1350,1480,1205,3.66%,0人,0.00%
1111005,110,4976,佳凌,617,523,549,522,20.00%,4人,0.45%
1111005,110,4977,眾達-KY,,,,,25.00%,0人,0.00%
1111005,110,4989,榮科,1374,1154,1119,1071,21.00%,0人,0.00%
1111005,110,4994,傳奇,902,765,723,650,42.86%,0人,0.00%
1111005,110,4999,鑫禾,841,725,684,530,25.00%,0人,0.00%
1111005,110,5007,三星,839,699,703,667,9.80%,20人,1.41%
1111005,110,5203,訊連,1692,1491,1405,1125,15.20%,0人,0.00%
1111005,110,5215,科嘉-KY,,,,,35.13%,9人,0.28%
1111005,110,5222,全訊,999,813,765,691,0.00%,0人,0.00%
1111005,110,5225,東科-KY,,,,,17.00%,0人,0.00%
1111005,110,5234,達興材料,1790,1595,1466,1097,22.50%,0人,0.00%
1111005,110,5243,乙盛-KY,,,,,18.60%,1人,0.02%
1111005,110,5244,弘凱,1984,1802,1189,934,0.00%,0人,0.00%
1111005,110,5258,虹堡,906,752,707,586,1.50%,0人,0.00%
1111005,110,5269,祥碩,3882,3605,2475,1984,9.20%,0人,0.00%
1111005,110,5283,禾聯碩,778,667,665,606,14.29%,11人,1.60%
1111005,110,5284,jpp-KY,,,,,19.23%,21人,2.08%
1111005,110,5285,界霖,697,614,568,538,45.00%,1人,0.30%
1111005,110,5288,豐祥-KY,,,,,7.61%,7人,0.14%
1111005,110,5306,桂盟,1463,1302,803,691,30.00%,0人,0.00%
1111005,110,5388,中磊,1066,915,912,591,17.86%,3人,0.17%
1111005,110,5434,崇越,2137,1893,1529,1179,24.00%,0人,0.00%
1111005,110,5469,瀚宇博,1138,989,828,730,16.67%,7人,1.03%
1111005,110,5471,松翰,2364,2143,2127,1925,13.51%,0人,0.00%
1111005,110,5484,慧友,797,648,670,584,27.00%,0人,0.00%
1111005,110,5515,建國,1104,942,917,748,18.00%,0人,0.00%
1111005,110,5519,隆大,1583,1323,1028,955,5.10%,1人,1.02%
1111005,110,5521,工信,712,594,709,585,5.00%,0人,0.00%
1111005,110,5522,遠雄,2643,2350,1936,1729,38.00%,0人,0.00%
1111005,110,5525,順天,899,751,759,777,30.00%,0人,0.00%
1111005,110,5531,鄉林,1134,986,707,608,0.00%,0人,0.00%
1111005,110,5533,皇鼎,1354,999,832,804,45.45%,0人,0.00%
1111005,110,5534,長虹,1482,1288,946,913,12.00%,0人,0.00%
1111005,110,5538,東明-KY,,,,,50.00%,0人,0.00%
1111005,110,5546,永固-KY,,,,,22.00%,0人,0.00%
1111005,110,5607,遠雄港,3325,2942,1015,885,50.00%,0人,0.00%
1111005,110,5608,四維航,2193,2033,1739,1570,75.00%,0人,0.00%
1111005,110,5706,鳳凰,336,239,406,377,50.00%,0人,0.00%
1111005,110,5871,中租-KY,,,,,29.06%,8人,0.10%
1111005,110,5876,上海商銀,1669,1332,1290,1191,46.11%,12人,0.40%
1111005,110,5880,合庫金,1910,1514,1456,1344,55.55%,4人,0.04%
1111005,110,5906,台南-KY,,,,,33.33%,0人,0.00%
1111005,110,5907,大洋-KY,,,,,52.00%,0人,0.00%
1111005,110,6005,群益證,1543,1373,1216,845,48.83%,6人,0.30%
1111005,110,6024,群益期,1395,1212,1197,840,28.57%,2人,0.68%
1111005,110,6108,競國,694,609,580,546,17.00%,0人,0.00%
1111005,110,6112,邁達特,1130,963,992,788,42.73%,4人,0.50%
1111005,110,6115,鎰勝,1100,963,844,684,21.17%,0人,0.00%
1111005,110,6116,彩晶,1360,1240,1157,1014,13.00%,21人,0.85%
1111005,110,6117,迎廣,731,626,633,522,26.67%,6人,0.75%
1111005,110,6120,達運,1271,1065,890,711,17.80%,3人,0.38%
1111005,110,6128,上福,769,654,564,494,15.79%,2人,0.43%
1111005,110,6133,金橋,875,730,680,577,16.67%,0人,0.00%
1111005,110,6136,富爾特,1152,1019,840,739,38.00%,0人,0.00%
1111005,110,6139,亞翔,742,596,551,463,12.99%,2人,0.42%
1111005,110,6141,柏承,715,599,588,512,1.48%,4人,0.84%
1111005,110,6142,友勁,737,611,566,408,26.23%,1人,0.17%
1111005,110,6152,百一,1185,1027,1017,882,0.02%,0人,0.00%
1111005,110,6153,嘉聯益,772,622,614,543,16.00%,13人,0.55%
1111005,110,6155,鈞寶,632,530,512,455,30.23%,2人,0.76%
1111005,110,6164,華興,874,723,653,584,21.05%,0人,0.00%
1111005,110,6165,浪凡,2494,2311,699,551,50.00%,0人,0.00%
1111005,110,6166,凌華,1372,1185,1087,981,23.00%,1人,0.01%
1111005,110,6168,宏齊,989,856,802,702,31.00%,4人,0.01%
1111005,110,6176,瑞儀,1516,1335,1195,919,25.00%,17人,1.80%
1111005,110,6177,達麗,1258,1062,913,752,17.60%,0人,0.00%
1111005,110,6183,關貿,1272,1102,1089,955,5.77%,1人,0.15%
1111005,110,6184,大豐電,975,844,610,514,44.44%,1人,1.11%
1111005,110,6189,豐藝,1784,1539,1165,913,0.00%,0人,0.00%
1111005,110,6191,精成科,3786,3437,2164,1787,20.51%,0人,0.00%
1111005,110,6192,巨路,1387,1217,1097,962,16.35%,1人,0.21%
1111005,110,6196,帆宣,1879,1663,1370,1116,15.23%,0人,0.00%
1111005,110,6197,佳必琪,1298,1133,890,784,42.00%,2人,0.83%
1111005,110,6201,亞弘電,733,614,598,524,3.40%,4人,0.01%
1111005,110,6202,盛群,2503,2280,2036,1796,23.00%,0人,0.00%
1111005,110,6205,詮欣,1012,873,749,589,45.00%,0人,0.00%
1111005,110,6206,飛捷,1030,902,894,721,30.00%,0人,0.00%
1111005,110,6209,今國光,621,490,511,467,19.74%,13人,1.42%
1111005,110,6213,聯茂,1207,1032,872,609,12.50%,0人,0.00%
1111005,110,6214,精誠,1107,940,962,787,22.60%,5人,0.13%
1111005,110,6215,和椿,1213,1054,1077,971,2.76%,0人,0.00%
1111005,110,6216,居易,1306,1133,990,865,16.28%,0人,0.00%
1111005,110,6224,聚鼎,1387,1214,949,798,5.05%,1人,0.11%
1111005,110,6225,天瀚,1098,921,1015,1055,66.00%,0人,0.00%
1111005,110,6226,光鼎,1249,1103,859,711,50.00%,0人,0.00%
1111005,110,6230,尼得科超眾,756,630,685,553,18.18%,7人,1.11%
1111005,110,6235,華孚,1452,1296,932,729,22.73%,0人,0.00%
1111005,110,6239,力成,1041,908,891,734,29.50%,9人,0.08%
1111005,110,6243,迅杰,1752,1539,1211,1167,5.90%,68人,0.00%
1111005,110,6257,矽格,964,831,760,588,27.00%,6人,0.24%
1111005,110,6269,台郡,838,670,632,560,16.79%,2人,0.08%
1111005,110,6271,同欣電,1021,888,893,620,27.30%,27人,1.39%
1111005,110,6277,宏正,1333,1148,1087,929,16.67%,1人,0.10%
1111005,110,6278,台表科,1086,955,665,539,38.00%,0人,0.00%
1111005,110,6281,全國電,917,768,783,715,25.00%,13人,0.77%
1111005,110,6282,康舒,1151,985,988,767,3.04%,41人,0.44%
1111005,110,6283,淳安,1188,1015,901,762,45.83%,0人,0.00%
1111005,110,6285,啟碁,1075,915,984,736,21.00%,18人,0.34%
1111005,110,6288,聯嘉,814,666,764,512,18.42%,2人,1.86%
1111005,110,6405,悅城,757,654,669,648,26.00%,5人,1.80%
1111005,110,6409,旭隼,2133,1916,1254,1077,32.73%,10人,0.33%
1111005,110,6412,群電,2149,1921,1616,1352,18.87%,0人,0.00%
1111005,110,6414,樺漢,911,723,1118,1044,16.67%,0人,0.00%
1111005,110,6415,矽力*-KY,,,,,12.64%,0人,0.00%
1111005,110,6416,瑞祺電通,863,716,678,589,28.57%,1人,0.03%
1111005,110,6431,光麗-KY,,,,,35.00%,0人,0.00%
1111005,110,6438,迅得,1216,1085,902,910,4.00%,0人,0.00%
1111005,110,6442,光聖,853,725,651,564,32.26%,0人,0.00%
1111005,110,6443,元晶,669,540,568,479,16.66%,7人,0.40%
1111005,110,6449,鈺邦,1550,1379,984,777,18.00%,0人,0.00%
1111005,110,6451,訊芯-KY,,,,,24.00%,0人,0.00%
1111005,110,6456,GIS-KY,,,,,13.20%,14人,0.06%
1111005,110,6464,台數科,1565,1362,569,506,54.55%,0人,0.00%
1111005,110,6477,安集,571,469,480,461,44.00%,6人,0.02%
1111005,110,6491,晶碩,883,763,768,649,27.96%,48人,2.60%
1111005,110,6504,南六,786,640,547,500,16.67%,33人,8.44%
1111005,110,6505,台塑化,1683,1490,1546,1452,8.02%,2人,0.04%
1111005,110,6515,穎崴,1060,907,909,763,23.00%,0人,0.00%
1111005,110,6525,捷敏-KY,,,,,51.09%,3人,0.14%
1111005,110,6531,愛普*,3604,3284,2594,1999,33.00%,0人,0.00%
1111005,110,6533,晶心科,1121,927,1824,1537,14.00%,0人,0.00%
1111005,110,6541,泰福-KY,,,,,14.20%,0人,0.00%
1111005,110,6550,北極星藥業-KY,,,,,37.50%,0人,0.00%
1111005,110,6552,易華電,588,514,526,473,24.59%,0人,0.00%
1111005,110,6558,興能高,1313,1134,827,721,45.00%,0人,0.00%
1111005,110,6573,虹揚-KY,,,,,15.00%,0人,0.00%
1111005,110,6579,研揚,1164,1035,946,817,13.95%,3人,0.60%
1111005,110,6581,鋼聯,1177,1009,814,805,9.09%,0人,0.00%
1111005,110,6582,申豐,2190,1999,1267,1044,20.00%,0人,0.00%
1111005,110,6585,鼎基,879,747,,,20.93%,4人,0.68%
1111005,110,6591,動力-KY,,,,,1.08%,0人,0.00%
1111005,110,6592,和潤企業,1449,1249,1186,939,18.18%,0人,0.00%
1111005,110,6598,ABC-KY,,,,,29.41%,0人,0.00%
1111005,110,6605,帝寶,669,559,586,547,12.15%,7人,0.27%
1111005,110,6625,必應,777,663,583,515,23.00%,1人,0.36%
1111005,110,6641,基士德-KY,,,,,30.77%,1人,0.18%
1111005,110,6655,科定,926,821,799,650,9.32%,12人,1.62%
1111005,110,6666,羅麗芬-KY,,,,,46.15%,0人,0.00%
1111005,110,6668,中揚光,901,779,729,670,22.22%,2人,0.49%
1111005,110,6669,緯穎,1228,1083,1158,978,22.00%,5人,0.26%
1111005,110,6670,復盛應用,973,817,810,708,19.64%,8人,0.86%
1111005,110,6671,三能-KY,,,,,37.23%,9人,1.24%
1111005,110,6672,騰輝電子-KY,,,,,16.95%,11人,1.27%
1111005,110,6674,鋐寶科技,1206,1044,919,770,20.48%,0人,0.00%
1111005,110,6691,洋基工程,2208,2057,1211,1002,13.64%,12人,2.10%
1111005,110,6698,旭暉應材,691,567,551,461,29.63%,0人,0.00%
1111005,110,6706,惠特,1237,1125,997,671,23.68%,1人,0.14%
1111005,110,6715,嘉基,1587,1380,1047,953,13.80%,94人,0.00%
1111005,110,6719,力智,2603,2354,1877,1573,2.51%,0人,0.00%
1111005,110,6743,安普新,1140,978,849,717,19.71%,3人,2.00%
1111005,110,6754,匯僑設計,1160,989,995,879,31.60%,3人,1.10%
1111005,110,6756,威鋒電子,2776,2520,2389,1714,18.42%,0人,0.00%
1111005,110,6768,志強-KY,,,,,39.00%,1人,0.20%
1111005,110,6770,力積電,1953,1758,1501,1315,13.36%,4人,0.05%
1111005,110,6776,展碁國際,1432,1188,1057,903,44.60%,0人,0.00%
1111005,110,6781,AES-KY,,,,,12.00%,0人,0.00%
1111005,110,6789,采鈺,,,,,20.00%,0人,0.00%
1111005,110,6790,永豐實,1018,840,827,714,35.00%,8人,1.13%
1111005,110,6792,詠業,1089,961,836,666,11.11%,11人,1.92%
1111005,110,6796,晉弘,935,782,,,23.60%,0人,0.00%
1111005,110,6799,來頡,2881,2672,,,18.18%,0人,0.00%
1111005,110,6806,森崴能源,1624,1460,1068,781,10.00%,0人,0.00%
1111005,110,6807,峰源-KY,,,,,28.89%,370人,20.17%
1111005,110,8011,台通,646,529,593,553,29.41%,7人,2.73%
1111005,110,8016,矽創,5225,4949,4263,3885,27.71%,1人,0.29%
1111005,110,8021,尖點,1052,953,721,631,18.99%,0人,0.00%
1111005,110,8028,昇陽半導體,960,801,713,688,34.37%,10人,1.20%
1111005,110,8033,雷虎,1115,967,609,593,11.12%,39人,0.00%
1111005,110,8039,台虹,1052,847,811,727,10.00%,3人,0.35%
1111005,110,8046,南電,1352,1196,1184,1147,10.36%,0人,0.00%
1111005,110,8070,長華*,3323,3086,1981,1312,34.00%,0人,0.00%
1111005,110,8072,陞泰,1017,894,554,475,50.00%,0人,0.00%
1111005,110,8081,致新,3033,2756,2601,2470,21.43%,0人,0.00%
1111005,110,8101,華冠,1100,938,818,647,14.00%,1人,0.45%
1111005,110,8103,瀚荃,1191,1012,928,790,33.00%,0人,0.00%
1111005,110,8104,錸寶,973,813,702,597,4.76%,5人,2.15%
1111005,110,8105,凌巨,905,770,762,657,25.00%,3人,0.20%
1111005,110,8110,華東,689,587,575,505,34.00%,4人,0.22%
1111005,110,8112,至上,2509,2121,1380,1238,15.15%,0人,0.00%
1111005,110,8114,振樺電,849,725,691,565,48.44%,1人,0.31%
1111005,110,8131,福懋科,676,581,572,543,7.37%,2人,0.08%
1111005,110,8150,南茂,1214,1018,1043,993,21.04%,6人,0.10%
1111005,110,8163,達方,1389,1217,1125,941,18.60%,2人,0.20%
1111005,110,8201,無敵,1120,939,829,754,28.50%,0人,0.00%
1111005,110,8210,勤誠,1922,1676,1299,900,17.40%,0人,0.00%
1111005,110,8213,志超,3668,3425,1549,1337,27.78%,2人,0.52%
1111005,110,8215,明基材,1192,1032,1055,745,27.00%,4人,0.00%
1111005,110,8222,寶一,589,488,462,428,29.00%,0人,0.00%
1111005,110,8249,菱光,2102,1854,1425,1198,17.00%,0人,0.00%
1111005,110,8261,富鼎,2320,2058,1897,1512,15.00%,3人,2.00%
1111005,110,8271,宇瞻,1413,1178,1084,959,31.08%,0人,0.00%
1111005,110,8341,日友,1259,1102,942,705,8.62%,7人,1.95%
1111005,110,8367,建新國際,929,785,761,686,31.82%,16人,3.43%
1111005,110,8374,羅昇,1313,1133,946,836,20.00%,0人,0.00%
1111005,110,8404,百和興業-KY,,,,,0.30%,27人,0.72%
1111005,110,8411,福貞-KY,,,,,26.67%,8人,0.63%
1111005,110,8422,可寧衛,1129,964,838,647,0.00%,3人,1.91%
1111005,110,8429,金麗-KY,,,,,0.00%,0人,0.00%
1111005,110,8438,昶昕,849,733,655,559,33.33%,3人,0.16%
1111005,110,8442,威宏-KY,,,,,0.00%,0人,0.00%
1111005,110,8443,阿瘦,578,468,512,461,50.00%,15人,2.69%
1111005,110,8454,富邦媒,975,803,867,743,55.85%,47人,1.70%
1111005,110,8462,柏文,840,738,522,455,51.77%,7人,0.45%
1111005,110,8463,潤泰材,868,713,643,555,1.21%,5人,1.52%
1111005,110,8464,億豐,1952,1733,1373,1095,23.26%,4人,1.52%
1111005,110,8466,美吉吉-KY,,,,,22.45%,21人,2.30%
1111005,110,8467,波力-KY,,,,,7.80%,0人,0.00%
1111005,110,8473,山林水,575,467,520,464,0.20%,0人,0.00%
1111005,110,8478,東哥遊艇,1173,1078,857,794,18.92%,5人,0.76%
1111005,110,8480,泰昇-KY,,,,,37.00%,17人,1.32%
1111005,110,8481,政伸,1296,1157,1111,1022,38.46%,3人,1.12%
1111005,110,8482,商億-KY,,,,,5.00%,155人,8.00%
1111005,110,8488,吉源-KY,,,,,22.22%,0人,0.00%
1111005,110,8499,鼎炫-KY,,,,,40.00%,0人,0.00%
1111005,110,8926,台汽電,1684,1413,1192,1029,15.38%,0人,0.00%
1111005,110,8940,新天地,719,593,546,462,49.40%,6人,1.47%
1111005,110,8996,高力,923,809,756,716,22.00%,3人,0.60%
1111005,110,9802,鈺齊-KY,,,,,68.31%,34人,2.05%
1111005,110,9902,台火,1227,994,668,710,37.50%,0人,0.00%
1111005,110,9904,寶成,924,788,813,598,54.00%,8人,0.26%
1111005,110,9905,大華,795,633,668,625,19.51%,2人,0.67%
1111005,110,9906,欣巴巴,1135,968,676,558,57.00%,1人,2.00%
1111005,110,9907,統一實,992,826,824,791,10.42%,7人,0.62%
1111005,110,9908,大台北,1249,1074,1022,978,4.33%,0人,0.00%
1111005,110,9910,豐泰,1321,1147,1154,862,42.30%,68人,0.05%
1111005,110,9911,櫻花,943,825,748,637,23.29%,7人,0.85%
1111005,110,9912,偉聯,1439,1220,856,774,10.00%,0人,0.00%
1111005,110,9914,美利達,1081,965,938,773,16.22%,15人,1.20%
1111005,110,9917,中保科,905,760,729,677,28.60%,41人,1.70%
1111005,110,9918,欣天然,1211,1032,938,865,24.00%,0人,0.00%
1111005,110,9919,康那香,760,648,552,484,40.00%,12人,1.23%
1111005,110,9921,巨大,1030,894,875,710,33.33%,0人,0.00%
1111005,110,9924,福興,684,578,552,466,28.26%,10人,0.80%
1111005,110,9925,新保,813,676,659,609,5.67%,19人,1.05%
1111005,110,9926,新海,1159,979,1222,1279,24.39%,0人,0.00%
1111005,110,9927,泰銘,902,757,668,633,9.09%,0人,0.00%
1111005,110,9928,中視,782,653,683,623,28.57%,3人,0.67%
1111005,110,9929,秋雨,654,536,501,470,40.00%,1人,0.83%
1111005,110,9930,中聯資源,1756,1526,1368,1259,8.57%,0人,0.00%
1111005,110,9931,欣高,1100,937,897,820,2.00%,0人,0.00%
1111005,110,9933,中鼎,1436,1249,1191,1074,13.82%,0人,0.00%
1111005,110,9934,成霖,1259,1088,624,589,34.15%,0人,0.00%
1111005,110,9935,慶豐富,634,563,544,478,16.67%,6人,1.05%
1111005,110,9937,全國,438,367,487,393,47.51%,27人,1.40%
1111005,110,9938,百和,880,767,671,525,14.30%,20人,2.00%
1111005,110,9939,宏全,766,673,648,599,5.45%,2人,0.55%
1111005,110,9940,信義,1570,1412,1263,945,18.50%,191人,3.75%
1111005,110,9941,裕融,1732,1560,1285,1063,28.90%,3人,0.44%
1111005,110,9942,茂順,703,590,567,518,20.00%,4人,0.39%
1111005,110,9943,好樂迪,464,383,419,374,5.20%,14人,0.50%
1111005,110,9944,新麗,714,613,608,525,38.46%,0人,0.00%
1111005,110,9945,潤泰新,1110,983,653,376,38.00%,0人,0.00%
1111005,110,9946,三發地產,1205,1035,834,771,34.48%,2人,1.57%
1111005,110,9955,佳龍,754,599,527,429,28.57%,0人,0.00%
1111005,110,9958,世紀鋼,841,717,690,638,6.38%,2人,0.62%
